id,reg_fee,sec_fee,tut_fee,other_fee,pre_bal,rebate,curr_year,student_id
723,0.0,0.0,25000.0,0.0,0.0,0.0,1,10008
724,0.0,0.0,25000.0,0.0,0.0,0.0,1,10009
726,0.0,0.0,35000.0,0.0,0.0,0.0,1,10011
743,0.0,0.0,40000.0,0.0,0.0,0.0,2,10028
728,0.0,0.0,25000.0,0.0,0.0,0.0,1,10013
729,0.0,0.0,25000.0,0.0,0.0,0.0,1,10014
732,0.0,0.0,25000.0,0.0,0.0,0.0,1,10017
816,0.0,0.0,35000.0,0.0,0.0,0.0,2,10101
741,0.0,0.0,25000.0,0.0,0.0,0.0,1,10026
753,0.0,0.0,35000.0,0.0,0.0,0.0,1,10038
777,0.0,0.0,70000.0,0.0,0.0,20000.0,2,10062
806,0.0,0.0,40000.0,0.0,20000.0,0.0,2,10091
813,0.0,0.0,40000.0,0.0,17000.0,1.0,2,10098
768,0.0,0.0,38000.0,0.0,0.0,0.0,1,10053
771,0.0,0.0,38000.0,0.0,0.0,0.0,1,10056
797,0.0,0.0,35000.0,0.0,25000.0,0.0,2,10082
786,0.0,0.0,35000.0,0.0,0.0,0.0,1,10071
788,0.0,0.0,25000.0,0.0,0.0,0.0,1,10073
792,0.0,0.0,30000.0,0.0,0.0,0.0,1,10077
1445,0.0,0.0,190000.0,0.0,0.0,0.0,1,10729
821,0.0,0.0,40000.0,0.0,0.0,0.0,2,10106
1465,0.0,0.0,65000.0,0.0,0.0,0.0,1,10749
818,0.0,0.0,40000.0,0.0,17500.0,0.0,2,10103
809,0.0,0.0,40000.0,0.0,0.0,0.0,1,10094
811,0.0,0.0,20000.0,0.0,0.0,20000.0,1,10096
804,0.0,0.0,30000.0,0.0,30000.0,0.0,2,10089
824,0.0,0.0,40000.0,0.0,0.0,0.0,1,10109
829,0.0,0.0,20000.0,0.0,0.0,0.0,1,10114
830,0.0,0.0,20000.0,0.0,0.0,17000.0,1,10115
832,0.0,0.0,20000.0,0.0,0.0,0.0,1,10117
837,0.0,0.0,20000.0,0.0,0.0,0.0,1,10122
839,0.0,0.0,30000.0,0.0,0.0,0.0,1,10124
1485,0.0,0.0,25000.0,0.0,0.0,0.0,2,10769
755,0.0,0.0,0.0,0.0,0.0,0.0,2,10040
930,0.0,0.0,45000.0,0.0,0.0,0.0,3,10215
734,0.0,0.0,30000.0,0.0,0.0,0.0,3,10019
725,0.0,0.0,0.0,0.0,0.0,0.0,2,10010
894,0.0,0.0,35000.0,0.0,0.0,32500.0,3,10179
1439,0.0,0.0,35500.0,0.0,0.0,0.0,2,10723
766,0.0,0.0,0.0,0.0,0.0,0.0,2,10051
736,0.0,0.0,35000.0,0.0,0.0,0.0,3,10021
817,0.0,0.0,20000.0,0.0,0.0,0.0,3,10102
1458,0.0,0.0,35000.0,0.0,0.0,30000.0,2,10742
1420,0.0,0.0,25000.0,0.0,0.0,0.0,2,10704
744,0.0,0.0,2000.0,0.0,0.0,0.0,2,10029
825,0.0,0.0,0.0,0.0,0.0,0.0,2,10110
745,0.0,0.0,20000.0,0.0,0.0,0.0,3,10030
820,0.0,0.0,25000.0,0.0,0.0,0.0,3,10105
750,0.0,0.0,0.0,0.0,0.0,2000.0,2,10035
787,0.0,0.0,20000.0,0.0,0.0,0.0,3,10072
814,0.0,0.0,23000.0,0.0,0.0,0.0,3,10099
1425,0.0,0.0,31000.0,0.0,0.0,0.0,2,10709
733,0.0,0.0,15000.0,0.0,0.0,0.0,3,10018
742,0.0,0.0,20000.0,0.0,0.0,2000.0,3,10027
752,0.0,0.0,0.0,0.0,0.0,0.0,2,10037
779,0.0,0.0,0.0,0.0,0.0,30000.0,2,10064
769,0.0,0.0,0.0,0.0,0.0,0.0,2,10054
791,0.0,0.0,17500.0,0.0,0.0,0.0,3,10076
756,0.0,0.0,0.0,0.0,0.0,0.0,2,10041
1452,0.0,0.0,76000.0,0.0,0.0,0.0,1,10736
928,0.0,0.0,30000.0,0.0,0.0,0.0,3,10213
765,0.0,0.0,0.0,0.0,0.0,0.0,2,10050
757,0.0,0.0,0.0,0.0,0.0,0.0,2,10042
780,0.0,0.0,35000.0,0.0,0.0,0.0,2,10065
815,0.0,0.0,20000.0,0.0,0.0,0.0,3,10100
727,0.0,0.0,0.0,0.0,0.0,0.0,2,10012
1492,0.0,0.0,17500.0,0.0,0.0,0.0,2,10776
924,0.0,0.0,1000.0,0.0,0.0,0.0,3,10209
762,0.0,0.0,0.0,0.0,0.0,0.0,2,10047
793,0.0,0.0,20000.0,0.0,0.0,0.0,3,10078
888,0.0,0.0,35000.0,0.0,0.0,0.0,3,10173
759,0.0,0.0,0.0,0.0,0.0,0.0,2,10044
1472,0.0,0.0,45000.0,0.0,0.0,0.0,2,10756
794,0.0,0.0,20000.0,0.0,0.0,0.0,3,10079
761,0.0,0.0,0.0,0.0,0.0,1000.0,2,10046
784,0.0,0.0,0.0,0.0,0.0,0.0,2,10069
767,0.0,0.0,5000.0,0.0,0.0,5000.0,2,10052
1432,0.0,0.0,2000.0,0.0,0.0,0.0,1,10716
789,0.0,0.0,0.0,0.0,0.0,0.0,2,10074
773,0.0,0.0,0.0,0.0,0.0,0.0,2,10058
1486,0.0,0.0,62000.0,0.0,0.0,0.0,2,10770
1499,0.0,0.0,0.0,0.0,0.0,0.0,2,10783
720,0.0,0.0,0.0,0.0,0.0,0.0,2,10005
748,0.0,0.0,0.0,0.0,0.0,0.0,2,10033
754,0.0,0.0,0.0,0.0,0.0,0.0,2,10039
826,0.0,0.0,0.0,0.0,0.0,0.0,2,10111
721,0.0,0.0,0.0,0.0,0.0,0.0,2,10006
747,0.0,0.0,0.0,0.0,0.0,0.0,2,10032
760,0.0,0.0,0.0,0.0,0.0,0.0,2,10045
782,0.0,0.0,0.0,0.0,0.0,0.0,2,10067
823,0.0,0.0,0.0,0.0,0.0,22000.0,2,10108
798,0.0,0.0,33000.0,0.0,0.0,0.0,3,10083
751,0.0,0.0,0.0,0.0,0.0,0.0,2,10036
935,0.0,0.0,0.0,0.0,0.0,0.0,3,10220
785,0.0,0.0,0.0,0.0,0.0,0.0,2,10070
871,0.0,0.0,40000.0,0.0,0.0,0.0,2,10156
827,0.0,0.0,11000.0,0.0,0.0,0.0,2,10112
749,0.0,0.0,0.0,0.0,0.0,0.0,2,10034
822,,0.0,40000.0,0.0,0.0,0.0,3,10107
758,0.0,0.0,0.0,0.0,0.0,0.0,2,10043
819,,0.0,40000.0,0.0,0.0,2500.0,3,10104
783,0.0,0.0,0.0,0.0,0.0,0.0,2,10068
840,0.0,0.0,40000.0,0.0,0.0,0.0,1,10125
842,0.0,0.0,20000.0,0.0,0.0,17000.0,1,10127
844,0.0,0.0,20000.0,0.0,0.0,0.0,1,10129
1433,0.0,0.0,60000.0,0.0,0.0,0.0,1,10717
1466,0.0,0.0,65000.0,0.0,0.0,0.0,1,10750
1453,10000.0,0.0,45000.0,0.0,0.0,0.0,1,10737
862,0.0,0.0,20000.0,0.0,0.0,0.0,1,10147
868,0.0,0.0,35000.0,0.0,0.0,10000.0,1,10153
885,0.0,0.0,12000.0,0.0,0.0,30000.0,1,10170
884,0.0,0.0,70000.0,0.0,0.0,0.0,1,10169
900,0.0,0.0,35000.0,0.0,0.0,25000.0,1,10185
1500,0.0,0.0,160000.0,0.0,0.0,0.0,1,10784
902,0.0,0.0,32500.0,0.0,0.0,0.0,1,10187
904,0.0,0.0,70000.0,0.0,0.0,0.0,1,10189
911,0.0,0.0,10000.0,0.0,0.0,0.0,1,10196
912,0.0,0.0,170000.0,0.0,0.0,0.0,1,10197
913,0.0,0.0,6000.0,0.0,0.0,40000.0,1,10198
921,0.0,0.0,35000.0,0.0,0.0,0.0,1,10206
926,0.0,0.0,30000.0,0.0,0.0,0.0,1,10211
931,0.0,0.0,20000.0,0.0,0.0,0.0,1,10216
950,0.0,0.0,35000.0,0.0,0.0,0.0,2,10235
949,0.0,0.0,35000.0,0.0,0.0,0.0,1,10234
1039,0.0,0.0,18000.0,0.0,0.0,0.0,2,10324
954,0.0,0.0,35000.0,0.0,0.0,0.0,1,10239
1036,0.0,0.0,35000.0,0.0,0.0,0.0,2,10321
962,0.0,0.0,30000.0,0.0,0.0,0.0,1,10247
967,0.0,0.0,22500.0,0.0,0.0,0.0,1,10252
878,0.0,0.0,5000.0,0.0,0.0,0.0,2,10163
1501,0.0,0.0,160000.0,0.0,0.0,0.0,1,10785
1555,0.0,0.0,30000.0,0.0,0.0,0.0,2,10839
879,0.0,0.0,0.0,0.0,0.0,0.0,2,10164
918,0.0,0.0,35000.0,0.0,0.0,0.0,3,10203
853,0.0,0.0,2000.0,0.0,0.0,0.0,2,10138
874,0.0,0.0,53000.0,0.0,0.0,0.0,3,10159
909,0.0,0.0,0.0,0.0,0.0,0.0,2,10194
1538,0.0,0.0,90000.0,0.0,0.0,0.0,1,10822
855,0.0,0.0,0.0,0.0,0.0,2000.0,2,10140
937,0.0,0.0,30000.0,0.0,0.0,0.0,3,10222
927,0.0,0.0,25000.0,0.0,0.0,0.0,3,10212
1042,0.0,0.0,0.0,0.0,0.0,0.0,2,10327
922,0.0,0.0,35000.0,0.0,0.0,0.0,3,10207
886,0.0,0.0,35000.0,0.0,0.0,0.0,3,10171
1001,0.0,0.0,0.0,0.0,0.0,0.0,2,10286
869,0.0,0.0,35500.0,0.0,0.0,0.0,3,10154
932,0.0,0.0,32000.0,0.0,0.0,0.0,2,10217
929,0.0,0.0,0.0,0.0,0.0,25000.0,2,10214
1512,0.0,0.0,58000.0,0.0,0.0,0.0,2,10796
881,,0.0,70000.0,0.0,0.0,0.0,2,10166
875,0.0,0.0,52000.0,0.0,0.0,0.0,3,10160
910,0.0,0.0,35000.0,0.0,0.0,0.0,3,10195
907,0.0,0.0,35000.0,0.0,0.0,35000.0,3,10192
951,0.0,0.0,0.0,0.0,0.0,0.0,2,10236
870,0.0,0.0,35000.0,0.0,0.0,0.0,3,10155
1048,0.0,0.0,0.0,0.0,0.0,2500.0,2,10333
882,0.0,0.0,35000.0,0.0,0.0,0.0,3,10167
963,0.0,0.0,0.0,0.0,0.0,0.0,2,10248
873,0.0,0.0,35000.0,0.0,0.0,0.0,3,10158
901,0.0,0.0,35000.0,0.0,0.0,0.0,3,10186
877,0.0,0.0,5000.0,0.0,0.0,0.0,2,10162
833,0.0,0.0,27000.0,0.0,0.0,0.0,3,10118
896,0.0,0.0,35000.0,0.0,0.0,0.0,3,10181
863,0.0,0.0,9000.0,0.0,0.0,0.0,1,10148
828,0.0,0.0,0.0,0.0,0.0,0.0,2,10113
934,0.0,0.0,30000.0,0.0,0.0,0.0,3,10219
867,0.0,0.0,54000.0,0.0,0.0,0.0,3,10152
1017,0.0,0.0,0.0,0.0,0.0,0.0,2,10302
933,0.0,0.0,0.0,0.0,0.0,0.0,2,10218
770,0.0,0.0,0.0,0.0,0.0,0.0,2,10055
776,0.0,0.0,0.0,0.0,0.0,0.0,2,10061
903,0.0,0.0,40000.0,0.0,0.0,0.0,3,10188
763,0.0,0.0,0.0,0.0,0.0,2000.0,2,10048
1028,0.0,0.0,17500.0,0.0,0.0,0.0,3,10313
772,0.0,0.0,0.0,0.0,0.0,0.0,2,10057
891,0.0,0.0,0.0,0.0,0.0,0.0,2,10176
1364,0.0,0.0,22500.0,0.0,0.0,0.0,2,10648
914,0.0,0.0,5500.0,0.0,0.0,0.0,2,10199
890,0.0,0.0,13000.0,0.0,0.0,0.0,2,10175
895,0.0,0.0,0.0,0.0,0.0,0.0,2,10180
775,0.0,0.0,4000.0,0.0,0.0,0.0,2,10060
841,0.0,0.0,1000.0,0.0,0.0,0.0,2,10126
1487,0.0,0.0,95000.0,0.0,0.0,0.0,2,10771
919,0.0,0.0,35000.0,0.0,0.0,0.0,3,10204
893,0.0,0.0,0.0,0.0,0.0,0.0,2,10178
843,0.0,0.0,20000.0,0.0,0.0,0.0,3,10128
1025,0.0,0.0,17500.0,0.0,0.0,0.0,3,10310
939,0.0,0.0,0.0,0.0,0.0,0.0,2,10224
1426,0.0,0.0,17500.0,0.0,0.0,0.0,2,10710
1446,0.0,0.0,35000.0,0.0,0.0,0.0,2,10730
764,0.0,0.0,10000.0,0.0,0.0,0.0,2,10049
906,0.0,0.0,0.0,0.0,0.0,0.0,2,10191
1528,0.0,0.0,35000.0,0.0,0.0,0.0,2,10812
925,0.0,0.0,30000.0,0.0,0.0,0.0,3,10210
1564,0.0,0.0,35000.0,0.0,0.0,0.0,2,10848
887,0.0,0.0,0.0,0.0,0.0,50000.0,2,10172
1213,0.0,0.0,90000.0,0.0,0.0,0.0,2,10498
938,0.0,0.0,0.0,0.0,0.0,0.0,2,10223
892,0.0,0.0,35000.0,0.0,0.0,0.0,3,10177
959,0.0,0.0,0.0,0.0,0.0,0.0,2,10244
876,0.0,0.0,35000.0,0.0,0.0,0.0,3,10161
908,0.0,0.0,44000.0,0.0,0.0,0.0,3,10193
872,0.0,0.0,35000.0,0.0,0.0,0.0,3,10157
936,0.0,0.0,30000.0,0.0,0.0,0.0,3,10221
916,0.0,0.0,0.0,0.0,0.0,0.0,2,10201
889,0.0,0.0,35000.0,0.0,0.0,0.0,3,10174
831,0.0,0.0,0.0,0.0,0.0,0.0,2,10116
880,0.0,0.0,20000.0,0.0,0.0,0.0,3,10165
952,0.0,0.0,17500.0,0.0,0.0,0.0,3,10237
905,0.0,0.0,0.0,0.0,0.0,0.0,2,10190
976,0.0,0.0,22500.0,0.0,0.0,0.0,1,10261
986,0.0,0.0,22500.0,0.0,0.0,0.0,1,10271
1440,0.0,0.0,60000.0,0.0,0.0,0.0,1,10724
995,0.0,0.0,45000.0,0.0,0.0,0.0,1,10280
1474,0.0,0.0,5003.0,0.0,0.0,0.0,1,10758
1009,0.0,0.0,45000.0,0.0,0.0,0.0,1,10294
1605,10000.0,0.0,50000.0,0.0,0.0,0.0,1,10889
994,10000.0,0.0,45000.0,0.0,35000.0,0.0,2,10279
1026,0.0,0.0,35000.0,0.0,0.0,0.0,1,10311
1033,0.0,0.0,17500.0,0.0,0.0,0.0,1,10318
1034,0.0,0.0,35000.0,0.0,0.0,0.0,1,10319
1037,0.0,0.0,17500.0,0.0,0.0,0.0,1,10322
1038,0.0,0.0,17500.0,0.0,0.0,0.0,1,10323
1040,0.0,0.0,17500.0,0.0,0.0,2500.0,1,10325
1597,0.0,0.0,30000.0,0.0,0.0,0.0,1,10881
1045,0.0,0.0,145000.0,0.0,0.0,0.0,1,10330
1047,0.0,0.0,110000.0,0.0,0.0,0.0,1,10332
1051,0.0,0.0,185000.0,0.0,0.0,0.0,1,10336
1061,0.0,0.0,160000.0,0.0,0.0,0.0,1,10346
1139,0.0,0.0,90000.0,0.0,0.0,0.0,2,10424
1066,0.0,0.0,95000.0,0.0,0.0,0.0,1,10351
1068,0.0,0.0,95000.0,0.0,0.0,0.0,1,10353
1071,0.0,0.0,95000.0,0.0,0.0,20000.0,1,10356
1075,0.0,0.0,132500.0,0.0,0.0,0.0,1,10360
1077,0.0,0.0,190000.0,0.0,0.0,0.0,1,10362
1081,0.0,0.0,170000.0,0.0,0.0,0.0,1,10366
1422,0.0,0.0,45000.0,0.0,0.0,0.0,1,10706
942,0.0,0.0,0.0,0.0,0.0,0.0,2,10227
968,0.0,0.0,0.0,0.0,0.0,0.0,2,10253
1340,0.0,0.0,20000.0,0.0,0.0,0.0,2,10624
961,,0.0,35000.0,0.0,0.0,0.0,2,10246
1595,0.0,0.0,22500.0,0.0,0.0,0.0,2,10879
956,0.0,0.0,0.0,0.0,0.0,0.0,2,10241
945,0.0,0.0,0.0,0.0,0.0,0.0,2,10230
973,0.0,0.0,0.0,0.0,0.0,0.0,2,10258
1584,0.0,0.0,25000.0,0.0,0.0,0.0,2,10868
1020,0.0,0.0,0.0,0.0,0.0,0.0,2,10305
969,0.0,0.0,0.0,0.0,0.0,0.0,2,10254
1524,0.0,0.0,170000.0,0.0,0.0,0.0,1,10808
1543,0.0,0.0,45000.0,0.0,0.0,0.0,1,10827
1481,0.0,0.0,96000.0,0.0,0.0,0.0,2,10765
1561,0.0,0.0,110000.0,0.0,0.0,0.0,2,10845
940,0.0,0.0,30000.0,0.0,0.0,0.0,3,10225
1029,0.0,0.0,22500.0,0.0,0.0,0.0,3,10314
1041,0.0,0.0,17500.0,0.0,0.0,0.0,3,10326
1215,0.0,0.0,0.0,0.0,0.0,0.0,2,10500
1149,0.0,0.0,45000.0,0.0,0.0,0.0,3,10434
1525,0.0,0.0,35000.0,0.0,0.0,0.0,2,10809
970,0.0,0.0,0.0,0.0,0.0,0.0,2,10255
998,0.0,0.0,0.0,0.0,0.0,0.0,2,10283
1145,0.0,0.0,0.0,0.0,0.0,0.0,2,10430
946,0.0,0.0,30000.0,0.0,0.0,0.0,3,10231
1035,0.0,0.0,22000.0,0.0,0.0,0.0,3,10320
1000,0.0,0.0,0.0,0.0,0.0,0.0,2,10285
1021,0.0,0.0,0.0,0.0,0.0,15000.0,2,10306
990,0.0,0.0,0.0,0.0,0.0,0.0,2,10275
972,0.0,0.0,0.0,0.0,0.0,0.0,2,10257
1143,0.0,0.0,73000.0,0.0,0.0,0.0,3,10428
1023,0.0,0.0,0.0,0.0,0.0,15000.0,2,10308
1032,0.0,0.0,17500.0,0.0,0.0,0.0,3,10317
1529,0.0,0.0,10000.0,0.0,0.0,0.0,1,10813
1058,0.0,0.0,0.0,0.0,0.0,0.0,2,10343
1147,0.0,0.0,0.0,0.0,0.0,35000.0,2,10432
1454,0.0,0.0,35000.0,0.0,0.0,0.0,2,10738
1027,0.0,0.0,0.0,0.0,0.0,0.0,2,10312
1157,0.0,0.0,0.0,0.0,0.0,0.0,2,10442
1043,0.0,0.0,23000.0,0.0,0.0,0.0,3,10328
1079,0.0,0.0,0.0,0.0,0.0,0.0,2,10364
1067,0.0,0.0,0.0,0.0,0.0,0.0,2,10352
944,0.0,0.0,30000.0,0.0,0.0,0.0,3,10229
1031,0.0,0.0,20000.0,0.0,0.0,0.0,3,10316
1539,,0.0,0.0,0.0,0.0,0.0,2,10823
1135,0.0,0.0,45000.0,0.0,0.0,0.0,3,10420
955,0.0,0.0,0.0,0.0,0.0,0.0,2,10240
1441,0.0,0.0,45000.0,0.0,0.0,0.0,1,10725
1030,0.0,0.0,17500.0,0.0,0.0,0.0,3,10315
1427,0.0,0.0,95000.0,0.0,0.0,0.0,2,10711
1447,0.0,0.0,2000.0,0.0,0.0,0.0,1,10731
1098,0.0,0.0,0.0,0.0,0.0,0.0,2,10383
1136,0.0,0.0,45000.0,0.0,0.0,0.0,3,10421
1144,0.0,0.0,50000.0,0.0,0.0,0.0,3,10429
957,0.0,0.0,0.0,0.0,0.0,0.0,2,10242
1585,0.0,0.0,5000.0,0.0,0.0,0.0,1,10869
943,0.0,0.0,30000.0,0.0,0.0,0.0,3,10228
1556,0.0,0.0,96000.0,0.0,0.0,0.0,2,10840
953,0.0,0.0,0.0,0.0,0.0,0.0,2,10238
1495,0.0,0.0,25000.0,0.0,0.0,0.0,2,10779
1434,,0.0,90000.0,0.0,0.0,0.0,2,10718
1460,0.0,0.0,25000.0,0.0,0.0,0.0,2,10744
1568,0.0,0.0,17500.0,0.0,0.0,0.0,2,10852
1448,0.0,0.0,0.0,0.0,0.0,0.0,2,10732
1015,0.0,0.0,0.0,0.0,0.0,0.0,2,10300
1044,0.0,0.0,0.0,0.0,0.0,0.0,2,10329
1140,0.0,0.0,45000.0,0.0,0.0,0.0,3,10425
1580,0.0,0.0,35000.0,0.0,0.0,0.0,2,10864
947,0.0,0.0,30000.0,0.0,0.0,0.0,3,10232
1590,0.0,0.0,25000.0,0.0,0.0,0.0,2,10874
964,0.0,0.0,0.0,0.0,0.0,0.0,2,10249
1513,0.0,0.0,25000.0,0.0,0.0,0.0,2,10797
1019,10000.0,0.0,45000.0,0.0,35000.0,0.0,2,10304
1467,0.0,0.0,49000.0,0.0,0.0,0.0,2,10751
960,0.0,0.0,0.0,0.0,0.0,0.0,2,10245
1005,0.0,0.0,15000.0,0.0,0.0,0.0,2,10290
1063,0.0,0.0,0.0,0.0,0.0,0.0,2,10348
1090,0.0,0.0,115000.0,0.0,0.0,0.0,1,10375
1095,0.0,0.0,190000.0,0.0,0.0,0.0,1,10380
1056,0.0,0.0,153000.0,0.0,0.0,0.0,2,10341
1468,0.0,0.0,35000.0,0.0,0.0,0.0,1,10752
1120,0.0,0.0,190000.0,0.0,0.0,0.0,1,10405
1158,0.0,0.0,70000.0,0.0,5000.0,25000.0,2,10443
1552,0.0,0.0,70000.0,0.0,0.0,0.0,1,10836
1560,0.0,0.0,70000.0,0.0,0.0,0.0,1,10844
1573,0.0,0.0,35000.0,0.0,0.0,0.0,1,10857
1156,0.0,0.0,15000.0,0.0,0.0,0.0,1,10441
1153,0.0,0.0,40000.0,0.0,0.0,0.0,1,10438
1170,0.0,0.0,35000.0,0.0,0.0,0.0,1,10455
1177,0.0,0.0,65000.0,0.0,0.0,0.0,1,10462
1184,0.0,0.0,35000.0,0.0,0.0,0.0,1,10469
1185,0.0,0.0,25000.0,0.0,0.0,0.0,1,10470
1187,0.0,0.0,35000.0,0.0,0.0,0.0,1,10472
1196,0.0,0.0,35000.0,0.0,0.0,0.0,1,10481
1476,0.0,0.0,150000.0,0.0,0.0,0.0,1,10760
1188,0.0,0.0,10000.0,0.0,0.0,0.0,1,10473
1052,0.0,0.0,0.0,0.0,0.0,0.0,2,10337
1232,0.0,0.0,0.0,0.0,0.0,0.0,2,10516
1108,0.0,0.0,0.0,0.0,0.0,0.0,2,10393
1142,0.0,0.0,46000.0,0.0,0.0,0.0,3,10427
1076,0.0,0.0,0.0,0.0,0.0,0.0,2,10361
1462,0.0,0.0,30000.0,0.0,0.0,0.0,2,10746
1518,0.0,0.0,95000.0,0.0,0.0,0.0,2,10802
1442,0.0,0.0,95000.0,0.0,0.0,30000.0,2,10726
1548,0.0,0.0,0.0,0.0,0.0,0.0,1,10832
1074,0.0,0.0,0.0,0.0,0.0,0.0,2,10359
1256,0.0,0.0,0.0,0.0,0.0,0.0,2,10540
1229,0.0,0.0,0.0,0.0,0.0,0.0,2,10514
1482,0.0,0.0,95000.0,0.0,0.0,0.0,2,10766
1070,0.0,0.0,0.0,0.0,0.0,0.0,2,10355
1220,0.0,0.0,0.0,0.0,0.0,0.0,2,10505
1531,0.0,0.0,0.0,0.0,0.0,0.0,2,10815
1159,0.0,0.0,35000.0,0.0,0.0,0.0,3,10444
1085,0.0,0.0,0.0,0.0,0.0,0.0,2,10370
1154,0.0,0.0,35000.0,0.0,0.0,0.0,3,10439
1508,0.0,0.0,95000.0,0.0,0.0,0.0,2,10792
1106,0.0,0.0,0.0,0.0,0.0,0.0,2,10391
1503,0.0,0.0,0.0,0.0,0.0,0.0,2,10787
1151,0.0,0.0,47000.0,0.0,0.0,0.0,3,10436
1148,0.0,0.0,45000.0,0.0,0.0,0.0,3,10433
1163,0.0,0.0,0.0,0.0,0.0,0.0,2,10448
1083,0.0,0.0,0.0,0.0,0.0,0.0,2,10368
1455,0.0,0.0,35000.0,0.0,0.0,0.0,2,10739
1577,0.0,0.0,0.0,0.0,0.0,0.0,1,10861
1267,0.0,0.0,0.0,0.0,0.0,0.0,3,10551
1080,0.0,0.0,0.0,0.0,0.0,0.0,2,10365
1155,0.0,0.0,35000.0,0.0,0.0,2000.0,3,10440
1565,0.0,0.0,35000.0,0.0,0.0,0.0,1,10849
1168,0.0,0.0,35000.0,0.0,0.0,0.0,3,10453
1544,0.0,0.0,45000.0,0.0,0.0,0.0,1,10828
1164,0.0,0.0,35000.0,0.0,0.0,0.0,3,10449
1084,0.0,0.0,0.0,0.0,0.0,75000.0,2,10369
1091,0.0,0.0,0.0,0.0,0.0,0.0,2,10376
1174,0.0,0.0,35000.0,0.0,0.0,0.0,3,10459
1055,0.0,0.0,0.0,0.0,0.0,0.0,2,10340
1178,0.0,0.0,35000.0,0.0,0.0,0.0,3,10463
1540,,0.0,0.0,0.0,0.0,0.0,2,10824
1217,0.0,0.0,0.0,0.0,0.0,25000.0,2,10502
1060,0.0,0.0,0.0,0.0,0.0,0.0,2,10345
1073,0.0,0.0,0.0,0.0,0.0,0.0,2,10358
1072,0.0,0.0,0.0,0.0,0.0,0.0,2,10357
1541,0.0,0.0,99000.0,0.0,0.0,0.0,2,10825
857,0.0,0.0,0.0,0.0,0.0,2000.0,2,10142
1053,0.0,0.0,0.0,0.0,0.0,0.0,2,10338
1137,0.0,0.0,47500.0,0.0,0.0,0.0,3,10422
1515,0.0,0.0,5000.0,0.0,0.0,80000.0,2,10799
1200,0.0,0.0,0.0,0.0,0.0,3000.0,2,10485
1064,0.0,0.0,0.0,0.0,0.0,0.0,2,10349
1162,0.0,0.0,35000.0,0.0,0.0,2000.0,3,10447
1569,0.0,0.0,160000.0,0.0,0.0,0.0,1,10853
1166,0.0,0.0,35000.0,0.0,0.0,0.0,3,10451
1588,0.0,0.0,45000.0,0.0,0.0,0.0,2,10872
1117,0.0,0.0,0.0,0.0,0.0,0.0,2,10402
1152,0.0,0.0,0.0,0.0,0.0,0.0,2,10437
1223,0.0,0.0,0.0,0.0,0.0,0.0,2,10508
1130,0.0,0.0,0.0,0.0,0.0,0.0,2,10415
1146,0.0,0.0,0.0,0.0,0.0,0.0,2,10431
1173,0.0,0.0,35000.0,0.0,0.0,0.0,3,10458
1502,0.0,0.0,17500.0,0.0,0.0,0.0,2,10786
1428,0.0,0.0,22500.0,0.0,0.0,0.0,2,10712
1488,0.0,0.0,17500.0,0.0,0.0,0.0,2,10772
1132,0.0,0.0,0.0,0.0,0.0,0.0,2,10417
1263,0.0,0.0,0.0,0.0,0.0,0.0,2,10547
1226,0.0,0.0,30000.0,0.0,0.0,0.0,3,10511
1088,0.0,0.0,0.0,0.0,0.0,0.0,2,10373
1233,0.0,0.0,0.0,0.0,0.0,0.0,2,10517
1218,0.0,0.0,0.0,0.0,0.0,0.0,2,10503
1057,0.0,0.0,0.0,0.0,0.0,0.0,2,10342
898,0.0,0.0,35000.0,0.0,0.0,0.0,3,10183
1530,,0.0,80000.0,0.0,0.0,40000.0,2,10814
1112,0.0,0.0,0.0,0.0,0.0,0.0,2,10397
1160,0.0,0.0,35000.0,0.0,0.0,0.0,3,10445
1115,0.0,0.0,25000.0,0.0,0.0,30000.0,2,10400
1183,0.0,0.0,0.0,0.0,0.0,0.0,3,10468
1483,0.0,0.0,36000.0,0.0,0.0,0.0,2,10767
1535,,0.0,90000.0,0.0,0.0,0.0,2,10819
1221,0.0,0.0,0.0,0.0,0.0,0.0,2,10506
1078,0.0,0.0,0.0,0.0,0.0,35000.0,2,10363
1429,0.0,0.0,36000.0,0.0,0.0,0.0,2,10713
1069,0.0,0.0,0.0,0.0,0.0,0.0,2,10354
1082,0.0,0.0,0.0,0.0,0.0,0.0,2,10367
1054,0.0,0.0,0.0,0.0,0.0,0.0,2,10339
1191,0.0,0.0,40000.0,0.0,0.0,30000.0,2,10476
1509,25000.0,0.0,160000.0,0.0,0.0,0.0,1,10793
1210,0.0,0.0,35000.0,0.0,0.0,0.0,1,10495
1214,0.0,0.0,95000.0,0.0,0.0,25000.0,1,10499
1219,0.0,0.0,95000.0,0.0,0.0,0.0,1,10504
1207,0.0,0.0,70000.0,0.0,2000.0,0.0,2,10492
1208,0.0,0.0,70000.0,0.0,5000.0,0.0,2,10493
1536,0.0,0.0,40000.0,0.0,0.0,0.0,1,10820
1257,0.0,0.0,30000.0,0.0,0.0,0.0,1,10541
1553,0.0,0.0,70000.0,0.0,0.0,0.0,1,10837
1271,0.0,0.0,40000.0,0.0,0.0,0.0,2,10555
1180,0.0,0.0,70000.0,0.0,0.0,0.0,2,10465
1423,0.0,0.0,190000.0,0.0,0.0,0.0,1,10707
1430,0.0,0.0,130000.0,0.0,0.0,0.0,1,10714
1287,0.0,0.0,20000.0,0.0,0.0,0.0,1,10571
1443,0.0,0.0,45000.0,0.0,0.0,0.0,1,10727
1306,0.0,0.0,20000.0,0.0,0.0,0.0,1,10590
1307,0.0,0.0,20000.0,0.0,0.0,0.0,1,10591
1345,0.0,0.0,25000.0,0.0,0.0,0.0,1,10629
1316,0.0,0.0,20000.0,0.0,0.0,0.0,1,10600
1317,0.0,0.0,20000.0,0.0,0.0,0.0,1,10601
1319,0.0,0.0,20000.0,0.0,0.0,0.0,1,10603
1096,0.0,0.0,0.0,0.0,0.0,0.0,2,10381
812,0.0,0.0,20000.0,0.0,0.0,0.0,3,10097
1181,0.0,0.0,36000.0,0.0,0.0,0.0,3,10466
1311,0.0,0.0,0.0,0.0,0.0,0.0,2,10595
1089,0.0,0.0,0.0,0.0,0.0,0.0,2,10374
1449,0.0,0.0,95000.0,0.0,0.0,0.0,2,10733
1578,0.0,0.0,17500.0,0.0,0.0,0.0,2,10862
1526,0.0,0.0,0.0,0.0,0.0,0.0,1,10810
1179,0.0,0.0,35000.0,0.0,0.0,0.0,3,10464
1094,0.0,0.0,0.0,0.0,0.0,0.0,2,10379
1167,0.0,0.0,0.0,0.0,0.0,0.0,2,10452
1172,0.0,0.0,5000.0,0.0,0.0,0.0,3,10457
1549,0.0,0.0,20000.0,0.0,0.0,0.0,1,10833
1436,0.0,0.0,17500.0,0.0,0.0,0.0,2,10720
1216,0.0,0.0,0.0,0.0,0.0,0.0,2,10501
1093,0.0,0.0,0.0,0.0,0.0,0.0,2,10378
1274,0.0,0.0,20000.0,0.0,0.0,0.0,3,10558
1279,0.0,0.0,0.0,0.0,0.0,0.0,1,10563
1171,0.0,0.0,35000.0,0.0,0.0,0.0,3,10456
1261,0.0,0.0,0.0,0.0,0.0,0.0,2,10545
1291,0.0,0.0,0.0,0.0,0.0,0.0,2,10575
1169,0.0,0.0,0.0,0.0,0.0,0.0,2,10454
1250,0.0,0.0,0.0,0.0,0.0,25000.0,2,10534
1243,0.0,0.0,0.0,0.0,0.0,25000.0,2,10527
1437,,0.0,90000.0,0.0,0.0,0.0,2,10721
1545,0.0,0.0,45000.0,0.0,0.0,0.0,1,10829
1298,0.0,0.0,0.0,0.0,0.0,0.0,2,10582
897,0.0,0.0,17000.0,0.0,0.0,0.0,2,10182
1294,0.0,0.0,20000.0,0.0,0.0,0.0,2,10578
1254,0.0,0.0,55000.0,0.0,0.0,0.0,2,10538
1255,0.0,0.0,0.0,0.0,0.0,0.0,2,10539
1496,0.0,0.0,35000.0,0.0,0.0,0.0,2,10780
1236,0.0,0.0,0.0,0.0,0.0,25000.0,2,10520
1562,,0.0,70000.0,0.0,0.0,0.0,2,10846
1092,0.0,0.0,0.0,0.0,0.0,0.0,2,10377
1331,0.0,0.0,15000.0,0.0,0.0,0.0,3,10615
1225,0.0,0.0,0.0,0.0,0.0,0.0,2,10510
1176,0.0,0.0,35000.0,0.0,0.0,0.0,3,10461
1574,0.0,0.0,17500.0,0.0,0.0,0.0,2,10858
1268,0.0,0.0,0.0,0.0,0.0,0.0,2,10552
835,0.0,0.0,20000.0,0.0,0.0,0.0,3,10120
1312,0.0,0.0,20000.0,0.0,0.0,0.0,3,10596
1309,0.0,0.0,20000.0,0.0,0.0,0.0,3,10593
1296,0.0,0.0,0.0,0.0,0.0,0.0,2,10580
848,0.0,0.0,20000.0,0.0,0.0,0.0,3,10133
1209,0.0,0.0,37000.0,0.0,0.0,0.0,3,10494
1241,0.0,0.0,0.0,0.0,0.0,29000.0,2,10525
810,0.0,0.0,20000.0,0.0,0.0,0.0,3,10095
1264,0.0,0.0,0.0,0.0,0.0,0.0,2,10548
1341,0.0,0.0,35000.0,0.0,0.0,0.0,4,10625
1570,0.0,0.0,30000.0,0.0,0.0,0.0,2,10854
1258,0.0,0.0,0.0,0.0,0.0,5000.0,2,10542
1277,0.0,0.0,0.0,0.0,0.0,0.0,2,10561
1165,0.0,0.0,36000.0,0.0,0.0,0.0,3,10450
1591,0.0,0.0,0.0,0.0,0.0,0.0,1,10875
1246,0.0,0.0,0.0,0.0,0.0,0.0,2,10530
1273,0.0,0.0,20000.0,0.0,0.0,0.0,3,10557
1234,0.0,0.0,0.0,0.0,0.0,0.0,2,10518
1242,0.0,0.0,0.0,0.0,0.0,0.0,2,10526
1521,0.0,0.0,17500.0,0.0,0.0,0.0,2,10805
1259,0.0,0.0,0.0,0.0,0.0,0.0,2,10543
1237,0.0,0.0,0.0,0.0,0.0,25000.0,2,10521
1285,0.0,0.0,0.0,0.0,0.0,0.0,2,10569
1245,0.0,0.0,39500.0,0.0,0.0,0.0,2,10529
1282,0.0,0.0,20000.0,0.0,0.0,0.0,3,10566
1566,10000.0,0.0,45000.0,0.0,0.0,0.0,2,10850
1288,0.0,0.0,0.0,0.0,0.0,0.0,2,10572
1228,0.0,0.0,22500.0,0.0,0.0,0.0,2,10513
1292,0.0,0.0,0.0,0.0,0.0,0.0,2,10576
1260,0.0,0.0,22000.0,0.0,0.0,0.0,2,10544
1289,0.0,0.0,0.0,0.0,0.0,0.0,2,10573
1238,0.0,0.0,0.0,0.0,0.0,0.0,2,10522
1286,0.0,0.0,0.0,0.0,0.0,0.0,2,10570
1275,0.0,0.0,0.0,0.0,0.0,0.0,2,10559
1281,0.0,0.0,20000.0,0.0,0.0,0.0,3,10565
1244,0.0,0.0,27500.0,0.0,0.0,0.0,2,10528
1247,0.0,0.0,0.0,0.0,0.0,0.0,2,10531
1456,0.0,0.0,85000.0,0.0,0.0,50000.0,2,10740
1293,0.0,0.0,0.0,0.0,0.0,0.0,2,10577
1262,0.0,0.0,0.0,0.0,0.0,5000.0,2,10546
1224,0.0,0.0,22500.0,0.0,0.0,0.0,2,10509
1248,0.0,0.0,0.0,0.0,0.0,0.0,2,10532
1182,0.0,0.0,35000.0,0.0,0.0,0.0,3,10467
1252,0.0,0.0,0.0,0.0,0.0,25000.0,2,10536
1558,0.0,0.0,36000.0,0.0,0.0,0.0,2,10842
1333,0.0,0.0,15000.0,0.0,0.0,0.0,2,10617
1299,0.0,0.0,0.0,0.0,0.0,0.0,2,10583
1347,0.0,0.0,17500.0,0.0,0.0,0.0,2,10631
1284,0.0,0.0,0.0,0.0,0.0,0.0,2,10568
941,0.0,0.0,0.0,0.0,0.0,0.0,2,10226
1249,0.0,0.0,0.0,0.0,0.0,3000.0,2,10533
1328,0.0,0.0,15000.0,0.0,0.0,0.0,1,10612
1329,5000.0,0.0,70000.0,0.0,0.0,0.0,1,10613
1335,0.0,0.0,30000.0,0.0,0.0,0.0,1,10619
1336,10000.0,0.0,45000.0,0.0,0.0,0.0,1,10620
1477,0.0,0.0,20000.0,0.0,0.0,0.0,1,10761
1338,0.0,0.0,70000.0,0.0,0.0,0.0,1,10622
1339,0.0,0.0,15000.0,0.0,0.0,0.0,1,10623
834,0.0,0.0,10000.0,0.0,0.0,0.0,1,10119
1344,0.0,0.0,50000.0,0.0,0.0,0.0,1,10628
1324,0.0,0.0,70000.0,0.0,0.0,0.0,2,10608
1484,0.0,0.0,95000.0,0.0,0.0,0.0,1,10768
1497,0.0,0.0,70000.0,0.0,0.0,0.0,1,10781
1104,0.0,0.0,190000.0,0.0,0.0,0.0,2,10389
1116,0.0,0.0,190000.0,0.0,0.0,0.0,2,10401
1358,0.0,0.0,70000.0,0.0,0.0,0.0,1,10642
1359,0.0,0.0,190000.0,0.0,0.0,0.0,1,10643
1362,0.0,0.0,35000.0,0.0,0.0,0.0,1,10646
1367,0.0,0.0,190000.0,0.0,0.0,0.0,1,10651
1372,0.0,0.0,178000.0,0.0,0.0,0.0,1,10656
1411,0.0,0.0,25000.0,0.0,0.0,0.0,1,10695
1378,0.0,0.0,20000.0,0.0,0.0,0.0,1,10662
1382,0.0,0.0,65000.0,0.0,0.0,0.0,1,10666
1385,0.0,0.0,70000.0,0.0,0.0,0.0,1,10669
1386,0.0,0.0,65000.0,0.0,0.0,0.0,1,10670
1388,0.0,0.0,170000.0,0.0,0.0,0.0,1,10672
1395,0.0,0.0,60000.0,0.0,0.0,0.0,1,10679
1383,0.0,0.0,62500.0,0.0,0.0,0.0,1,10667
1403,10000.0,0.0,45000.0,0.0,0.0,0.0,1,10687
1404,10000.0,0.0,45000.0,0.0,0.0,0.0,1,10688
1390,0.0,0.0,25000.0,0.0,0.0,0.0,1,10674
1416,0.0,0.0,25000.0,0.0,0.0,0.0,2,10700
1384,0.0,0.0,170000.0,0.0,0.0,0.0,1,10668
1356,,0.0,70000.0,0.0,0.0,0.0,2,10640
1343,0.0,0.0,25000.0,0.0,0.0,0.0,2,10627
1377,0.0,0.0,18000.0,0.0,0.0,0.0,2,10661
1350,0.0,0.0,35000.0,0.0,0.0,0.0,2,10634
849,0.0,0.0,25000.0,0.0,0.0,0.0,3,10134
1321,0.0,0.0,25000.0,0.0,0.0,0.0,3,10605
1352,,0.0,70000.0,0.0,0.0,0.0,2,10636
1397,,0.0,35000.0,0.0,0.0,0.0,2,10681
923,0.0,0.0,35000.0,0.0,0.0,0.0,3,10208
790,0.0,0.0,25000.0,0.0,0.0,0.0,3,10075
856,0.0,0.0,30000.0,0.0,0.0,0.0,3,10141
838,0.0,0.0,30000.0,0.0,0.0,0.0,3,10123
1402,0.0,0.0,60000.0,0.0,0.0,0.0,2,10686
1353,0.0,0.0,38000.0,0.0,0.0,0.0,2,10637
1470,0.0,0.0,105000.0,0.0,0.0,0.0,2,10754
1398,0.0,0.0,50000.0,0.0,0.0,0.0,1,10682
1365,0.0,0.0,95000.0,0.0,0.0,0.0,2,10649
1510,0.0,0.0,95000.0,0.0,0.0,0.0,2,10794
1113,0.0,0.0,3500.0,0.0,0.0,0.0,2,10398
836,0.0,0.0,20000.0,0.0,0.0,0.0,3,10121
1396,0.0,0.0,35000.0,0.0,0.0,25000.0,1,10680
920,0.0,0.0,35000.0,0.0,0.0,0.0,3,10205
1361,0.0,0.0,35000.0,0.0,0.0,0.0,1,10645
1103,0.0,0.0,6000.0,0.0,0.0,0.0,2,10388
1516,0.0,0.0,22500.0,0.0,0.0,0.0,2,10800
1351,0.0,0.0,37000.0,0.0,0.0,0.0,2,10635
854,0.0,0.0,20000.0,0.0,0.0,0.0,3,10139
1330,0.0,0.0,44000.0,0.0,0.0,0.0,3,10614
1504,0.0,0.0,22500.0,0.0,0.0,0.0,2,10788
1381,0.0,0.0,95000.0,0.0,0.0,0.0,2,10665
1374,0.0,0.0,22500.0,0.0,0.0,0.0,2,10658
800,0.0,0.0,20000.0,0.0,0.0,0.0,3,10085
860,0.0,0.0,0.0,0.0,0.0,0.0,2,10145
1301,0.0,0.0,20000.0,0.0,0.0,0.0,2,10585
1399,0.0,0.0,35000.0,0.0,0.0,0.0,2,10683
1401,0.0,0.0,26000.0,0.0,0.0,0.0,2,10685
845,0.0,0.0,0.0,0.0,0.0,2000.0,2,10130
847,0.0,0.0,20000.0,0.0,0.0,0.0,3,10132
1346,0.0,0.0,35000.0,0.0,0.0,0.0,2,10630
846,0.0,0.0,15000.0,0.0,0.0,0.0,2,10131
1393,0.0,0.0,16000.0,0.0,0.0,0.0,2,10677
1366,0.0,0.0,40000.0,0.0,0.0,0.0,2,10650
1334,0.0,0.0,5000.0,0.0,0.0,22000.0,3,10618
866,0.0,0.0,25000.0,0.0,0.0,0.0,3,10151
1348,0.0,0.0,45000.0,0.0,0.0,0.0,1,10632
803,0.0,0.0,20000.0,0.0,0.0,0.0,3,10088
1313,0.0,0.0,0.0,0.0,0.0,0.0,2,10597
1380,,0.0,35000.0,0.0,0.0,0.0,2,10664
852,0.0,0.0,0.0,0.0,0.0,0.0,3,10137
1355,0.0,0.0,17500.0,0.0,0.0,0.0,2,10639
1133,0.0,0.0,0.0,0.0,0.0,0.0,2,10418
861,0.0,0.0,20000.0,0.0,0.0,0.0,3,10146
948,0.0,0.0,0.0,0.0,0.0,3000.0,2,10233
778,0.0,0.0,0.0,0.0,0.0,0.0,2,10063
1125,0.0,0.0,0.0,0.0,0.0,1000.0,2,10410
796,0.0,0.0,25000.0,0.0,0.0,0.0,3,10081
1097,0.0,0.0,0.0,0.0,0.0,0.0,2,10382
1370,0.0,0.0,35000.0,0.0,0.0,0.0,2,10654
1326,0.0,0.0,0.0,0.0,0.0,0.0,2,10610
801,0.0,0.0,20000.0,0.0,0.0,0.0,3,10086
1318,0.0,0.0,0.0,0.0,0.0,0.0,2,10602
1490,0.0,0.0,20000.0,0.0,0.0,0.0,2,10774
859,0.0,0.0,25000.0,0.0,0.0,0.0,3,10144
799,0.0,0.0,20000.0,0.0,0.0,0.0,3,10084
1354,10000.0,0.0,45000.0,0.0,0.0,0.0,2,10638
864,0.0,0.0,17500.0,0.0,0.0,5000.0,3,10149
1327,0.0,0.0,0.0,0.0,0.0,0.0,2,10611
1332,0.0,0.0,0.0,0.0,0.0,10000.0,2,10616
851,0.0,0.0,20000.0,0.0,0.0,0.0,3,10136
1394,,0.0,45000.0,0.0,0.0,0.0,2,10678
1450,0.0,0.0,95000.0,0.0,0.0,0.0,2,10734
1342,0.0,0.0,0.0,0.0,0.0,36000.0,2,10626
850,0.0,0.0,25000.0,0.0,0.0,0.0,3,10135
805,,0.0,40000.0,0.0,0.0,17000.0,3,10090
1410,0.0,0.0,60000.0,0.0,0.0,0.0,1,10694
1405,25000.0,0.0,160000.0,0.0,0.0,0.0,1,10689
1295,0.0,0.0,40000.0,0.0,0.0,0.0,2,10579
993,10000.0,0.0,45000.0,0.0,0.0,0.0,2,10278
1478,0.0,0.0,190000.0,0.0,0.0,0.0,1,10762
1008,10000.0,0.0,45000.0,0.0,45000.0,0.0,2,10293
1193,0.0,0.0,35000.0,0.0,0.0,0.0,2,10478
1211,0.0,0.0,35000.0,0.0,0.0,0.0,3,10496
1392,0.0,0.0,25000.0,0.0,0.0,0.0,2,10676
1011,0.0,0.0,0.0,0.0,0.0,0.0,2,10296
989,0.0,0.0,0.0,0.0,0.0,0.0,2,10274
1121,0.0,0.0,0.0,0.0,0.0,2500.0,2,10406
1283,0.0,0.0,0.0,0.0,0.0,0.0,2,10567
1297,0.0,0.0,0.0,0.0,0.0,0.0,2,10581
1408,0.0,0.0,45000.0,0.0,0.0,0.0,1,10692
1101,0.0,0.0,0.0,0.0,0.0,0.0,2,10386
1444,0.0,0.0,25000.0,0.0,0.0,0.0,2,10728
1498,0.0,0.0,33500.0,0.0,0.0,34500.0,1,10782
1276,0.0,0.0,0.0,0.0,0.0,0.0,3,10560
1391,0.0,0.0,36000.0,0.0,0.0,0.0,2,10675
1308,0.0,0.0,20000.0,0.0,0.0,0.0,3,10592
975,0.0,0.0,0.0,0.0,0.0,0.0,2,10260
1412,0.0,0.0,20000.0,0.0,0.0,0.0,2,10696
1010,0.0,0.0,0.0,0.0,0.0,0.0,2,10295
1322,0.0,0.0,0.0,0.0,0.0,0.0,2,10606
1129,0.0,0.0,0.0,0.0,0.0,0.0,2,10414
1265,0.0,0.0,0.0,0.0,0.0,0.0,2,10549
1323,0.0,0.0,0.0,0.0,0.0,0.0,2,10607
1012,10000.0,0.0,45000.0,0.0,30000.0,0.0,2,10297
999,0.0,0.0,0.0,0.0,0.0,0.0,2,10284
966,0.0,0.0,0.0,0.0,0.0,0.0,2,10251
1114,0.0,0.0,0.0,0.0,0.0,0.0,2,10399
1304,0.0,0.0,0.0,0.0,0.0,0.0,2,10588
997,0.0,0.0,0.0,0.0,0.0,0.0,2,10282
977,0.0,0.0,0.0,0.0,0.0,0.0,2,10262
1006,0.0,0.0,0.0,0.0,0.0,14500.0,2,10291
1290,0.0,0.0,0.0,0.0,0.0,0.0,2,10574
1315,0.0,0.0,0.0,0.0,0.0,0.0,2,10599
1050,0.0,0.0,0.0,0.0,0.0,0.0,2,10335
1369,0.0,0.0,35000.0,0.0,0.0,5000.0,2,10653
1100,0.0,0.0,0.0,0.0,0.0,0.0,2,10385
1272,0.0,0.0,20000.0,0.0,0.0,0.0,3,10556
1417,0.0,0.0,30000.0,0.0,0.0,0.0,2,10701
974,0.0,0.0,0.0,0.0,0.0,0.0,2,10259
1189,0.0,0.0,64000.0,0.0,0.0,0.0,3,10474
1049,0.0,0.0,0.0,0.0,0.0,2000.0,2,10334
1414,0.0,0.0,160000.0,0.0,0.0,0.0,2,10698
1118,0.0,0.0,0.0,0.0,0.0,0.0,2,10403
1201,0.0,0.0,0.0,0.0,0.0,0.0,2,10486
1415,0.0,0.0,95000.0,0.0,0.0,0.0,2,10699
1124,0.0,0.0,0.0,0.0,0.0,0.0,2,10409
1024,0.0,0.0,0.0,0.0,0.0,0.0,2,10309
1002,0.0,0.0,0.0,0.0,0.0,0.0,2,10287
917,0.0,0.0,35000.0,0.0,0.0,35000.0,3,10202
1004,0.0,0.0,0.0,0.0,0.0,0.0,2,10289
1409,0.0,0.0,43000.0,0.0,0.0,0.0,2,10693
1418,0.0,0.0,17500.0,0.0,0.0,0.0,2,10702
1371,0.0,0.0,35000.0,0.0,0.0,0.0,2,10655
1373,0.0,0.0,96000.0,0.0,0.0,0.0,2,10657
1111,0.0,0.0,0.0,0.0,0.0,0.0,2,10396
1407,0.0,0.0,45000.0,0.0,0.0,0.0,1,10691
1387,0.0,0.0,22500.0,0.0,0.0,0.0,2,10671
1471,0.0,0.0,45000.0,0.0,0.0,0.0,2,10755
978,0.0,0.0,0.0,0.0,0.0,0.0,2,10263
981,0.0,0.0,0.0,0.0,0.0,0.0,2,10266
1202,0.0,0.0,0.0,0.0,0.0,0.0,3,10487
979,0.0,0.0,0.0,0.0,0.0,0.0,2,10264
1457,0.0,0.0,190000.0,0.0,0.0,0.0,1,10741
1110,0.0,0.0,0.0,0.0,0.0,0.0,2,10395
982,0.0,0.0,0.0,0.0,0.0,0.0,2,10267
992,0.0,0.0,0.0,0.0,0.0,0.0,2,10277
1413,0.0,0.0,36000.0,0.0,0.0,0.0,2,10697
965,0.0,0.0,0.0,0.0,0.0,0.0,2,10250
1046,0.0,0.0,0.0,0.0,0.0,0.0,2,10331
1131,0.0,0.0,0.0,0.0,0.0,0.0,2,10416
1269,0.0,0.0,0.0,0.0,0.0,0.0,2,10553
1278,0.0,0.0,0.0,0.0,0.0,0.0,2,10562
1128,0.0,0.0,0.0,0.0,0.0,0.0,2,10413
1325,0.0,0.0,0.0,0.0,0.0,0.0,2,10609
1266,0.0,0.0,0.0,0.0,0.0,0.0,2,10550
1270,0.0,0.0,0.0,0.0,0.0,0.0,2,10554
1014,0.0,0.0,0.0,0.0,0.0,0.0,2,10299
1102,0.0,0.0,0.0,0.0,0.0,0.0,2,10387
1222,0.0,0.0,0.0,0.0,0.0,0.0,2,10507
1303,0.0,0.0,20000.0,0.0,0.0,0.0,3,10587
1464,0.0,0.0,20000.0,0.0,0.0,0.0,2,10748
1302,0.0,0.0,20000.0,0.0,0.0,0.0,3,10586
1314,0.0,0.0,0.0,0.0,0.0,0.0,2,10598
1109,0.0,0.0,0.0,0.0,0.0,0.0,2,10394
985,0.0,0.0,0.0,0.0,0.0,0.0,2,10270
1231,0.0,0.0,20000.0,0.0,0.0,0.0,3,10515
996,10000.0,0.0,45000.0,0.0,30000.0,0.0,2,10281
1375,0.0,0.0,42000.0,0.0,0.0,0.0,2,10659
1198,0.0,0.0,35000.0,0.0,0.0,0.0,3,10483
1119,0.0,0.0,0.0,0.0,0.0,0.0,2,10404
1368,0.0,0.0,25000.0,0.0,0.0,0.0,2,10652
1123,0.0,0.0,0.0,0.0,0.0,0.0,2,10408
1360,0.0,0.0,100000.0,0.0,0.0,0.0,2,10644
1022,0.0,0.0,0.0,0.0,0.0,0.0,2,10307
1310,0.0,0.0,0.0,0.0,0.0,0.0,2,10594
1438,0.0,0.0,96000.0,0.0,0.0,0.0,2,10722
1107,0.0,0.0,0.0,0.0,0.0,0.0,2,10392
1305,0.0,0.0,0.0,0.0,0.0,0.0,3,10589
1320,0.0,0.0,25000.0,0.0,0.0,0.0,3,10604
980,0.0,0.0,0.0,0.0,0.0,0.0,2,10265
1013,0.0,0.0,0.0,0.0,0.0,0.0,2,10298
1280,0.0,0.0,20000.0,0.0,0.0,0.0,3,10564
984,0.0,0.0,0.0,0.0,0.0,0.0,2,10269
1003,0.0,0.0,0.0,0.0,0.0,0.0,2,10288
1537,0.0,0.0,17500.0,0.0,0.0,0.0,1,10821
1505,0.0,0.0,160000.0,0.0,0.0,0.0,1,10789
1542,0.0,0.0,130000.0,0.0,0.0,0.0,1,10826
1563,0.0,0.0,35000.0,0.0,0.0,0.0,1,10847
1575,0.0,0.0,60000.0,0.0,0.0,0.0,1,10859
1617,0.0,0.0,70000.0,0.0,0.0,0.0,1,10901
1623,0.0,0.0,145000.0,0.0,0.0,0.0,1,10907
1624,0.0,0.0,50000.0,0.0,0.0,0.0,1,10908
1638,0.0,0.0,60000.0,0.0,0.0,0.0,1,10922
1639,0.0,0.0,20000.0,0.0,0.0,0.0,1,10923
1654,0.0,0.0,160000.0,0.0,0.0,0.0,1,10938
1657,10000.0,0.0,65000.0,0.0,0.0,0.0,1,10941
1659,0.0,0.0,55000.0,0.0,0.0,0.0,1,10943
1671,0.0,0.0,70000.0,0.0,0.0,0.0,1,10955
1664,0.0,0.0,37000.0,0.0,0.0,25000.0,1,10948
1554,0.0,0.0,40000.0,0.0,0.0,0.0,1,10838
915,0.0,0.0,5000.0,0.0,0.0,0.0,2,10200
1665,0.0,0.0,50000.0,0.0,0.0,0.0,1,10949
1618,0.0,0.0,35000.0,0.0,0.0,0.0,2,10902
1613,0.0,0.0,70000.0,0.0,0.0,0.0,1,10897
1635,0.0,0.0,2500.0,0.0,0.0,0.0,1,10919
1673,0.0,0.0,0.0,0.0,0.0,0.0,1,10957
1550,0.0,0.0,27000.0,0.0,0.0,0.0,2,10834
1007,0.0,0.0,0.0,0.0,0.0,0.0,2,10292
1651,0.0,0.0,90000.0,0.0,0.0,0.0,1,10935
1666,0.0,0.0,25000.0,0.0,0.0,0.0,2,10950
1644,0.0,0.0,15000.0,0.0,0.0,0.0,2,10928
1494,0.0,0.0,35000.0,0.0,0.0,0.0,2,10778
1668,0.0,0.0,22500.0,0.0,0.0,0.0,2,10952
1637,0.0,0.0,0.0,0.0,0.0,0.0,1,10921
1190,0.0,0.0,35000.0,0.0,0.0,0.0,3,10475
1653,0.0,0.0,90000.0,0.0,0.0,0.0,1,10937
1712,0.0,0.0,40000.0,0.0,0.0,0.0,2,10996
1634,0.0,0.0,37000.0,0.0,0.0,0.0,2,10918
1658,,0.0,70000.0,0.0,0.0,0.0,2,10942
1674,0.0,0.0,0.0,0.0,0.0,0.0,1,10958
1652,10000.0,0.0,45000.0,0.0,0.0,0.0,2,10936
1212,0.0,0.0,57500.0,0.0,0.0,0.0,3,10497
1667,0.0,0.0,25000.0,0.0,0.0,0.0,1,10951
1517,0.0,0.0,17500.0,0.0,0.0,0.0,2,10801
1633,0.0,0.0,45000.0,0.0,0.0,0.0,1,10917
1059,0.0,0.0,0.0,0.0,0.0,0.0,2,10344
1199,0.0,0.0,47000.0,0.0,0.0,0.0,3,10484
1567,10000.0,0.0,45000.0,0.0,0.0,0.0,2,10851
1663,0.0,0.0,11500.0,0.0,0.0,0.0,1,10947
1632,0.0,0.0,25000.0,0.0,0.0,0.0,2,10916
987,0.0,0.0,0.0,0.0,0.0,0.0,2,10272
1705,0.0,0.0,15000.0,0.0,0.0,0.0,2,10989
1194,0.0,0.0,35000.0,0.0,0.0,0.0,3,10479
1586,0.0,0.0,95000.0,0.0,0.0,0.0,2,10870
1583,0.0,0.0,0.0,0.0,0.0,0.0,1,10867
1491,0.0,0.0,45000.0,0.0,0.0,0.0,2,10775
1606,0.0,0.0,35000.0,0.0,0.0,0.0,2,10890
1690,0.0,0.0,91000.0,0.0,0.0,2000.0,2,10974
1559,0.0,0.0,35000.0,0.0,0.0,0.0,2,10843
1592,0.0,0.0,50000.0,0.0,0.0,0.0,1,10876
1627,0.0,0.0,17500.0,0.0,0.0,0.0,2,10911
1614,0.0,0.0,32500.0,0.0,0.0,0.0,2,10898
1203,0.0,0.0,35000.0,0.0,0.0,0.0,3,10488
1649,0.0,0.0,17500.0,0.0,0.0,0.0,2,10933
1607,0.0,0.0,60000.0,0.0,0.0,0.0,1,10891
1186,0.0,0.0,35000.0,0.0,0.0,0.0,3,10471
1615,0.0,0.0,20000.0,0.0,0.0,0.0,2,10899
1625,0.0,0.0,190000.0,0.0,0.0,0.0,1,10909
1195,0.0,0.0,35000.0,0.0,0.0,0.0,3,10480
1610,0.0,0.0,35000.0,0.0,0.0,0.0,2,10894
1619,0.0,0.0,36000.0,0.0,0.0,0.0,2,10903
1197,0.0,0.0,32500.0,0.0,0.0,0.0,3,10482
1631,0.0,0.0,95000.0,0.0,0.0,0.0,2,10915
1655,0.0,0.0,25000.0,0.0,0.0,0.0,2,10939
988,0.0,0.0,0.0,0.0,0.0,0.0,2,10273
1628,0.0,0.0,25000.0,0.0,0.0,0.0,2,10912
1204,0.0,0.0,35000.0,0.0,0.0,0.0,3,10489
1546,0.0,0.0,70000.0,0.0,0.0,0.0,1,10830
1192,0.0,0.0,35000.0,0.0,0.0,0.0,3,10477
1656,0.0,0.0,0.0,0.0,0.0,0.0,1,10940
1235,0.0,0.0,0.0,0.0,0.0,0.0,2,10519
1662,0.0,0.0,30000.0,0.0,0.0,0.0,2,10946
1601,0.0,0.0,20000.0,0.0,0.0,0.0,2,10885
1620,0.0,0.0,0.0,0.0,0.0,0.0,2,10904
1206,0.0,0.0,35000.0,0.0,0.0,0.0,3,10491
1636,0.0,0.0,37000.0,0.0,0.0,25000.0,1,10920
1621,0.0,0.0,20000.0,0.0,0.0,0.0,1,10905
1647,0.0,0.0,17500.0,0.0,0.0,0.0,2,10931
1643,0.0,0.0,17500.0,0.0,0.0,0.0,2,10927
1511,,0.0,190000.0,0.0,0.0,0.0,2,10795
1579,0.0,0.0,31000.0,0.0,0.0,0.0,2,10863
1641,0.0,0.0,0.0,0.0,0.0,0.0,1,10925
983,0.0,0.0,0.0,0.0,0.0,0.0,2,10268
1692,0.0,0.0,30000.0,0.0,0.0,10000.0,2,10976
1616,0.0,0.0,21000.0,0.0,0.0,0.0,2,10900
1604,0.0,0.0,35000.0,0.0,0.0,0.0,2,10888
1648,0.0,0.0,20000.0,0.0,0.0,0.0,2,10932
991,0.0,0.0,0.0,0.0,0.0,0.0,2,10276
1646,0.0,0.0,25000.0,0.0,0.0,0.0,2,10930
1661,,0.0,90000.0,0.0,0.0,0.0,2,10945
1676,0.0,0.0,0.0,0.0,0.0,0.0,1,10960
1431,0.0,0.0,95000.0,0.0,0.0,0.0,2,10715
1594,0.0,0.0,32500.0,0.0,0.0,0.0,2,10878
1522,0.0,0.0,35000.0,0.0,0.0,0.0,2,10806
1239,0.0,0.0,0.0,0.0,0.0,0.0,2,10523
1645,0.0,0.0,17500.0,0.0,0.0,0.0,2,10929
1650,0.0,0.0,0.0,0.0,0.0,0.0,1,10934
1603,25000.0,0.0,190000.0,0.0,0.0,0.0,1,10887
1609,0.0,0.0,2000.0,0.0,0.0,0.0,1,10893
1608,0.0,0.0,25000.0,0.0,0.0,0.0,1,10892
1672,,0.0,70000.0,0.0,0.0,0.0,2,10956
1683,0.0,0.0,50000.0,0.0,0.0,0.0,1,10967
1696,0.0,0.0,70000.0,0.0,0.0,0.0,1,10980
1709,10000.0,0.0,55000.0,0.0,0.0,0.0,1,10993
1711,0.0,0.0,40000.0,0.0,0.0,0.0,1,10995
1718,0.0,0.0,160000.0,0.0,0.0,0.0,1,11002
1728,10000.0,0.0,70000.0,0.0,0.0,0.0,1,11012
1730,0.0,0.0,70000.0,0.0,0.0,0.0,1,11014
1793,0.0,0.0,70000.0,0.0,0.0,0.0,1,11077
1745,0.0,0.0,25000.0,0.0,0.0,0.0,1,11029
1754,0.0,0.0,40000.0,0.0,0.0,0.0,1,11038
1776,0.0,0.0,17500.0,0.0,0.0,0.0,1,11060
1753,0.0,0.0,35000.0,0.0,0.0,0.0,2,11037
1721,0.0,0.0,32500.0,0.0,0.0,0.0,2,11005
1691,0.0,0.0,36000.0,0.0,0.0,0.0,2,10975
1729,0.0,0.0,17500.0,0.0,0.0,0.0,1,11013
1784,0.0,0.0,17500.0,0.0,0.0,0.0,2,11068
1778,0.0,0.0,165000.0,0.0,0.0,0.0,1,11062
1770,0.0,0.0,60000.0,0.0,0.0,0.0,1,11054
1769,0.0,0.0,45000.0,0.0,0.0,0.0,2,11053
1743,0.0,0.0,30000.0,0.0,0.0,0.0,1,11027
1750,0.0,0.0,95000.0,0.0,0.0,0.0,1,11034
1767,0.0,0.0,35000.0,0.0,0.0,0.0,1,11051
1720,0.0,0.0,25000.0,0.0,0.0,0.0,2,11004
1764,,0.0,70000.0,0.0,0.0,0.0,2,11048
1807,0.0,0.0,20000.0,0.0,0.0,0.0,2,11091
1713,0.0,0.0,0.0,0.0,0.0,0.0,2,10997
1688,0.0,0.0,20000.0,0.0,0.0,0.0,2,10972
1685,0.0,0.0,23000.0,0.0,0.0,0.0,1,10969
1785,0.0,0.0,20000.0,0.0,0.0,0.0,2,11069
1612,0.0,0.0,35000.0,0.0,0.0,0.0,2,10896
1726,0.0,0.0,0.0,0.0,0.0,0.0,1,11010
1707,0.0,0.0,25000.0,0.0,0.0,0.0,2,10991
1704,0.0,0.0,17500.0,0.0,0.0,0.0,2,10988
1777,0.0,0.0,17500.0,0.0,0.0,0.0,2,11061
1783,0.0,0.0,21000.0,0.0,0.0,2000.0,2,11067
1761,,0.0,30000.0,0.0,0.0,0.0,2,11045
1706,0.0,0.0,15000.0,0.0,0.0,0.0,2,10990
1640,0.0,0.0,35000.0,0.0,0.0,0.0,1,10924
1779,0.0,0.0,32500.0,0.0,0.0,0.0,2,11063
1669,0.0,0.0,95000.0,0.0,0.0,0.0,2,10953
1716,0.0,0.0,17500.0,0.0,0.0,0.0,2,11000
1749,0.0,0.0,0.0,0.0,0.0,0.0,1,11033
1698,,0.0,35000.0,0.0,0.0,0.0,2,10982
1755,0.0,0.0,40000.0,0.0,0.0,0.0,2,11039
1758,0.0,0.0,70000.0,0.0,0.0,0.0,1,11042
1693,0.0,0.0,0.0,0.0,0.0,0.0,1,10977
1759,0.0,0.0,0.0,0.0,0.0,0.0,2,11043
1746,0.0,0.0,55000.0,0.0,0.0,0.0,2,11030
1734,0.0,0.0,25000.0,0.0,0.0,0.0,1,11018
1775,0.0,0.0,17500.0,0.0,0.0,0.0,1,11059
1677,,0.0,50000.0,0.0,0.0,0.0,2,10961
1741,0.0,0.0,25000.0,0.0,0.0,0.0,1,11025
1629,0.0,0.0,0.0,0.0,0.0,0.0,1,10913
1760,0.0,0.0,16250.0,0.0,0.0,0.0,2,11044
1732,0.0,0.0,22500.0,0.0,0.0,0.0,2,11016
1717,0.0,0.0,35000.0,0.0,0.0,0.0,2,11001
1773,0.0,0.0,25000.0,0.0,0.0,0.0,2,11057
1762,0.0,0.0,20000.0,0.0,0.0,0.0,2,11046
1687,0.0,0.0,80000.0,0.0,0.0,0.0,1,10971
1715,0.0,0.0,0.0,0.0,0.0,0.0,2,10999
1748,0.0,0.0,24500.0,0.0,0.0,0.0,2,11032
1727,0.0,0.0,25000.0,0.0,0.0,0.0,2,11011
1700,0.0,0.0,0.0,0.0,0.0,0.0,1,10984
1681,0.0,0.0,45000.0,0.0,0.0,0.0,2,10965
1740,0.0,0.0,95000.0,0.0,0.0,0.0,2,11024
1788,0.0,0.0,47000.0,0.0,0.0,0.0,2,11072
1686,,0.0,70000.0,0.0,0.0,0.0,2,10970
1763,0.0,0.0,0.0,0.0,0.0,0.0,1,11047
1794,0.0,0.0,35000.0,0.0,0.0,0.0,2,11078
1751,0.0,0.0,32000.0,0.0,0.0,0.0,2,11035
1786,0.0,0.0,15000.0,0.0,0.0,0.0,2,11070
1765,,0.0,60000.0,0.0,0.0,10000.0,2,11049
1772,0.0,0.0,45000.0,0.0,0.0,0.0,1,11056
1701,0.0,0.0,30000.0,0.0,0.0,16000.0,2,10985
1689,0.0,0.0,0.0,0.0,0.0,0.0,2,10973
1723,0.0,0.0,0.0,0.0,0.0,0.0,1,11007
1752,0.0,0.0,20000.0,0.0,0.0,0.0,2,11036
1630,0.0,0.0,95500.0,0.0,0.0,0.0,2,10914
1744,0.0,0.0,0.0,0.0,0.0,0.0,1,11028
1781,0.0,0.0,60000.0,0.0,0.0,0.0,2,11065
1738,0.0,0.0,70000.0,0.0,0.0,0.0,2,11022
1719,0.0,0.0,22500.0,0.0,0.0,0.0,2,11003
1757,0.0,0.0,20000.0,0.0,0.0,0.0,2,11041
1680,0.0,0.0,45000.0,0.0,0.0,0.0,1,10964
1699,0.0,0.0,25000.0,0.0,0.0,0.0,1,10983
1714,0.0,0.0,0.0,0.0,0.0,0.0,1,10998
1742,0.0,0.0,0.0,0.0,0.0,0.0,1,11026
1768,0.0,0.0,25000.0,0.0,0.0,0.0,2,11052
1678,0.0,0.0,20000.0,0.0,0.0,0.0,2,10962
1694,0.0,0.0,17500.0,0.0,0.0,0.0,1,10978
1800,0.0,0.0,0.0,0.0,0.0,0.0,1,11084
1703,0.0,0.0,0.0,0.0,0.0,0.0,1,10987
1771,0.0,0.0,0.0,0.0,0.0,0.0,1,11055
1679,0.0,0.0,12500.0,0.0,0.0,0.0,2,10963
1138,0.0,0.0,0.0,0.0,0.0,0.0,2,10423
1722,0.0,0.0,0.0,0.0,0.0,0.0,1,11006
1697,0.0,0.0,0.0,0.0,0.0,0.0,1,10981
1774,0.0,0.0,17500.0,0.0,0.0,0.0,2,11058
1670,0.0,0.0,0.0,0.0,0.0,0.0,2,10954
1611,0.0,0.0,35000.0,0.0,0.0,0.0,2,10895
1736,0.0,0.0,36000.0,0.0,0.0,0.0,2,11020
1756,0.0,0.0,25000.0,0.0,0.0,0.0,2,11040
1733,0.0,0.0,30000.0,0.0,0.0,0.0,2,11017
1725,0.0,0.0,25000.0,0.0,0.0,0.0,2,11009
1735,0.0,0.0,0.0,0.0,0.0,0.0,2,11019
1787,10000.0,0.0,45000.0,0.0,0.0,1000.0,2,11071
1782,,0.0,35000.0,0.0,0.0,0.0,2,11066
1815,10000.0,0.0,70000.0,0.0,10000.0,0.0,2,11099
1792,0.0,0.0,0.0,0.0,0.0,0.0,2,11076
1841,0.0,0.0,60000.0,0.0,0.0,0.0,1,11125
1463,0.0,0.0,15000.0,0.0,0.0,0.0,1,10747
1842,0.0,0.0,70000.0,0.0,0.0,0.0,1,11126
1695,0.0,0.0,30000.0,0.0,0.0,0.0,2,10979
1845,0.0,0.0,0.0,0.0,0.0,25000.0,1,11129
1868,0.0,0.0,95000.0,0.0,0.0,0.0,2,11152
1795,0.0,0.0,20000.0,0.0,0.0,0.0,2,11079
1789,0.0,0.0,90000.0,0.0,0.0,0.0,2,11073
1141,0.0,0.0,75000.0,0.0,0.0,0.0,3,10426
1817,0.0,0.0,18000.0,0.0,0.0,0.0,2,11101
1791,0.0,0.0,18000.0,0.0,0.0,0.0,1,11075
1797,0.0,0.0,0.0,0.0,0.0,0.0,2,11081
1796,0.0,0.0,25000.0,0.0,0.0,0.0,2,11080
1493,0.0,0.0,35000.0,0.0,0.0,0.0,2,10777
1122,0.0,0.0,0.0,0.0,0.0,0.0,2,10407
1852,0.0,0.0,17500.0,0.0,0.0,0.0,2,11136
1804,0.0,0.0,0.0,0.0,0.0,0.0,2,11088
1813,0.0,0.0,17500.0,0.0,0.0,0.0,2,11097
1824,0.0,0.0,100000.0,0.0,0.0,0.0,2,11108
1810,0.0,0.0,35000.0,0.0,0.0,0.0,2,11094
1598,0.0,0.0,35000.0,0.0,0.0,0.0,2,10882
1816,0.0,0.0,70000.0,0.0,0.0,0.0,2,11100
1873,0.0,0.0,45000.0,0.0,0.0,0.0,1,11157
1814,0.0,0.0,17500.0,0.0,0.0,0.0,2,11098
1840,0.0,0.0,25000.0,0.0,0.0,0.0,2,11124
1461,0.0,0.0,60000.0,0.0,0.0,0.0,1,10745
1883,0.0,0.0,70000.0,0.0,0.0,0.0,2,11167
1872,0.0,0.0,110000.0,0.0,0.0,0.0,1,11156
971,0.0,0.0,0.0,0.0,0.0,0.0,2,10256
1589,,0.0,70000.0,0.0,0.0,0.0,2,10873
1838,0.0,0.0,2000.0,0.0,0.0,0.0,1,11122
1805,0.0,0.0,0.0,0.0,0.0,0.0,1,11089
1876,0.0,0.0,35000.0,0.0,0.0,0.0,1,11160
1849,0.0,0.0,55000.0,0.0,0.0,0.0,2,11133
1869,0.0,0.0,15000.0,0.0,0.0,0.0,1,11153
1682,0.0,0.0,15000.0,0.0,0.0,0.0,2,10966
1820,0.0,0.0,0.0,0.0,0.0,0.0,2,11104
1834,0.0,0.0,17500.0,0.0,0.0,0.0,2,11118
1846,0.0,0.0,20000.0,0.0,0.0,0.0,1,11130
1865,0.0,0.0,60000.0,0.0,0.0,0.0,2,11149
1885,0.0,0.0,50000.0,0.0,0.0,0.0,2,11169
1871,0.0,0.0,35000.0,0.0,0.0,15000.0,1,11155
1857,0.0,0.0,40000.0,0.0,0.0,0.0,1,11141
858,0.0,0.0,20000.0,0.0,0.0,0.0,3,10143
1884,0.0,0.0,65000.0,0.0,0.0,0.0,1,11168
1864,0.0,0.0,35000.0,0.0,0.0,0.0,2,11148
1855,0.0,0.0,50000.0,0.0,0.0,0.0,2,11139
1822,0.0,0.0,20000.0,0.0,0.0,0.0,2,11106
1134,0.0,0.0,0.0,0.0,0.0,0.0,2,10419
1858,0.0,0.0,70000.0,0.0,0.0,2000.0,2,11142
1870,0.0,0.0,50000.0,0.0,0.0,0.0,1,11154
1854,0.0,0.0,35000.0,0.0,0.0,0.0,2,11138
1790,0.0,0.0,0.0,0.0,0.0,2500.0,1,11074
1808,0.0,0.0,60000.0,0.0,0.0,0.0,1,11092
1862,10000.0,0.0,45000.0,0.0,0.0,0.0,2,11146
1867,0.0,0.0,17500.0,0.0,0.0,0.0,2,11151
1798,0.0,0.0,10000.0,0.0,0.0,0.0,1,11082
1880,0.0,0.0,95000.0,0.0,0.0,0.0,1,11164
1357,0.0,0.0,51000.0,0.0,0.0,0.0,1,10641
1099,0.0,0.0,0.0,0.0,0.0,0.0,2,10384
1836,0.0,0.0,30000.0,0.0,0.0,0.0,2,11120
1802,0.0,0.0,20000.0,0.0,0.0,0.0,2,11086
1877,0.0,0.0,35000.0,0.0,0.0,0.0,2,11161
1062,0.0,0.0,0.0,0.0,0.0,0.0,2,10347
1866,0.0,0.0,22500.0,0.0,0.0,0.0,2,11150
1825,0.0,0.0,35000.0,0.0,0.0,0.0,2,11109
1833,0.0,0.0,40000.0,0.0,0.0,0.0,2,11117
1850,0.0,0.0,90000.0,0.0,0.0,0.0,2,11134
1175,0.0,0.0,35000.0,0.0,0.0,0.0,3,10460
1818,0.0,0.0,30000.0,0.0,0.0,0.0,1,11102
1847,0.0,0.0,70000.0,0.0,0.0,0.0,1,11131
1731,0.0,0.0,95000.0,0.0,0.0,0.0,2,11015
795,0.0,0.0,20000.0,0.0,0.0,0.0,3,10080
1860,0.0,0.0,15000.0,0.0,0.0,0.0,1,11144
1806,0.0,0.0,25000.0,0.0,0.0,0.0,2,11090
1016,0.0,0.0,0.0,0.0,0.0,0.0,2,10301
1811,0.0,0.0,25000.0,0.0,0.0,0.0,1,11095
1853,0.0,0.0,45000.0,0.0,0.0,0.0,1,11137
1828,0.0,0.0,70000.0,0.0,0.0,0.0,1,11112
1830,0.0,0.0,35000.0,0.0,0.0,0.0,2,11114
1859,0.0,0.0,20000.0,0.0,0.0,0.0,1,11143
1809,0.0,0.0,35000.0,0.0,0.0,0.0,1,11093
1878,0.0,0.0,25000.0,0.0,0.0,0.0,2,11162
1801,0.0,0.0,20000.0,0.0,0.0,0.0,2,11085
1832,0.0,0.0,40000.0,0.0,0.0,0.0,2,11116
1882,0.0,0.0,17500.0,0.0,0.0,0.0,2,11166
1837,0.0,0.0,5000.0,0.0,0.0,10000.0,1,11121
1843,0.0,0.0,15000.0,0.0,0.0,0.0,2,11127
1127,0.0,0.0,0.0,0.0,0.0,0.0,2,10412
1829,0.0,0.0,70000.0,0.0,0.0,0.0,1,11113
1863,0.0,0.0,25000.0,0.0,0.0,0.0,2,11147
1363,0.0,0.0,17500.0,0.0,0.0,0.0,2,10647
1861,0.0,0.0,17500.0,0.0,0.0,0.0,2,11145
1874,0.0,0.0,17000.0,0.0,0.0,0.0,1,11158
1827,0.0,0.0,50000.0,0.0,0.0,0.0,2,11111
1823,0.0,0.0,35000.0,0.0,0.0,0.0,2,11107
1839,0.0,0.0,20000.0,0.0,0.0,0.0,2,11123
1851,0.0,0.0,35000.0,0.0,0.0,0.0,2,11135
1848,10000.0,0.0,45000.0,0.0,0.0,0.0,2,11132
1879,0.0,0.0,35000.0,0.0,0.0,0.0,2,11163
1881,0.0,0.0,70000.0,0.0,0.0,2000.0,2,11165
1875,0.0,0.0,70000.0,0.0,0.0,0.0,2,11159
1887,0.0,0.0,65000.0,0.0,0.0,0.0,1,11171
1888,0.0,0.0,65000.0,0.0,0.0,0.0,1,11172
1944,0.0,0.0,0.0,0.0,0.0,0.0,2,11228
1905,0.0,0.0,70000.0,0.0,0.0,0.0,2,11189
1917,0.0,0.0,45000.0,0.0,0.0,0.0,2,11201
1922,0.0,0.0,35000.0,0.0,0.0,0.0,2,11206
1976,0.0,0.0,35000.0,0.0,0.0,0.0,1,11260
1532,0.0,0.0,175000.0,0.0,0.0,0.0,1,10816
1919,0.0,0.0,35000.0,2000.0,0.0,0.0,1,11203
1812,0.0,0.0,17500.0,0.0,0.0,15000.0,1,11096
1964,0.0,0.0,0.0,0.0,0.0,0.0,1,11248
1923,0.0,0.0,35000.0,0.0,0.0,1000.0,2,11207
1927,0.0,0.0,17500.0,0.0,0.0,0.0,2,11211
1929,0.0,0.0,37000.0,0.0,0.0,0.0,1,11213
1940,0.0,0.0,0.0,0.0,0.0,0.0,2,11224
1896,0.0,0.0,0.0,0.0,0.0,15000.0,1,11180
1933,0.0,0.0,29000.0,0.0,0.0,0.0,2,11217
1901,0.0,0.0,50000.0,0.0,0.0,0.0,1,11185
1891,0.0,0.0,36000.0,0.0,0.0,0.0,2,11175
1911,0.0,0.0,17500.0,0.0,0.0,0.0,2,11195
1949,0.0,0.0,22500.0,0.0,0.0,0.0,2,11233
1904,0.0,0.0,36000.0,0.0,0.0,0.0,2,11188
1909,0.0,0.0,60000.0,0.0,0.0,0.0,2,11193
1899,0.0,0.0,20000.0,0.0,0.0,0.0,1,11183
1205,0.0,0.0,35000.0,0.0,0.0,30000.0,3,10490
1967,0.0,0.0,15000.0,0.0,0.0,10000.0,1,11251
1953,0.0,0.0,0.0,0.0,0.0,0.0,1,11237
1937,0.0,0.0,0.0,0.0,0.0,0.0,1,11221
1910,0.0,0.0,22000.0,0.0,0.0,0.0,2,11194
1928,0.0,0.0,35000.0,0.0,0.0,0.0,2,11212
1924,0.0,0.0,20000.0,0.0,0.0,0.0,2,11208
1952,0.0,0.0,22500.0,0.0,0.0,0.0,2,11236
1902,0.0,0.0,37000.0,0.0,0.0,0.0,2,11186
1966,0.0,0.0,20000.0,0.0,0.0,0.0,2,11250
1898,0.0,0.0,145000.0,0.0,0.0,0.0,1,11182
1965,0.0,0.0,28000.0,0.0,0.0,0.0,2,11249
1934,0.0,0.0,0.0,0.0,0.0,0.0,1,11218
1943,0.0,0.0,25000.0,0.0,0.0,0.0,1,11227
1969,0.0,0.0,0.0,0.0,0.0,0.0,1,11253
1400,0.0,0.0,26000.0,0.0,0.0,0.0,2,10684
746,0.0,0.0,0.0,0.0,0.0,14000.0,2,10031
1337,0.0,0.0,36000.0,0.0,0.0,0.0,2,10621
1622,0.0,0.0,45000.0,0.0,0.0,0.0,2,10906
1962,0.0,0.0,25000.0,0.0,0.0,0.0,2,11246
1955,0.0,0.0,37000.0,0.0,0.0,0.0,2,11239
1920,0.0,0.0,42000.0,0.0,0.0,0.0,1,11204
1947,0.0,0.0,25000.0,0.0,0.0,0.0,1,11231
1926,0.0,0.0,5000.0,0.0,0.0,0.0,1,11210
1916,0.0,0.0,0.0,0.0,0.0,0.0,1,11200
1895,0.0,0.0,3000.0,0.0,0.0,0.0,1,11179
1349,,0.0,50000.0,0.0,0.0,0.0,2,10633
1900,0.0,0.0,17500.0,0.0,0.0,0.0,2,11184
1907,0.0,0.0,0.0,0.0,0.0,25000.0,1,11191
1935,0.0,0.0,20000.0,0.0,0.0,0.0,2,11219
1968,0.0,0.0,20000.0,0.0,0.0,0.0,2,11252
1912,0.0,0.0,0.0,0.0,0.0,0.0,1,11196
1957,0.0,0.0,35000.0,0.0,0.0,0.0,2,11241
1018,0.0,0.0,0.0,0.0,0.0,0.0,2,10303
1931,0.0,0.0,20000.0,0.0,0.0,0.0,2,11215
1948,0.0,0.0,22500.0,0.0,0.0,0.0,2,11232
1973,0.0,0.0,20000.0,0.0,0.0,0.0,2,11257
1593,0.0,0.0,35000.0,0.0,0.0,0.0,2,10877
1886,0.0,0.0,0.0,0.0,0.0,0.0,2,11170
1941,0.0,0.0,22500.0,0.0,0.0,0.0,2,11225
958,0.0,0.0,0.0,0.0,0.0,0.0,2,10243
1480,0.0,0.0,35000.0,0.0,0.0,0.0,2,10764
1379,0.0,0.0,0.0,0.0,0.0,3000.0,1,10663
1890,0.0,0.0,35000.0,0.0,0.0,0.0,2,11174
1894,0.0,0.0,65000.0,0.0,0.0,0.0,2,11178
1942,0.0,0.0,22500.0,0.0,0.0,0.0,2,11226
1065,0.0,0.0,0.0,0.0,0.0,0.0,2,10350
1956,0.0,0.0,58000.0,0.0,0.0,0.0,2,11240
1959,0.0,0.0,35000.0,0.0,0.0,0.0,2,11243
1893,0.0,0.0,0.0,0.0,0.0,0.0,1,11177
1970,0.0,0.0,0.0,0.0,0.0,0.0,1,11254
1913,0.0,0.0,70000.0,0.0,0.0,0.0,2,11197
1906,0.0,0.0,60000.0,0.0,0.0,0.0,1,11190
1892,0.0,0.0,25000.0,0.0,0.0,0.0,2,11176
1915,0.0,0.0,36000.0,0.0,0.0,0.0,2,11199
1626,0.0,0.0,22500.0,0.0,0.0,0.0,2,10910
1950,0.0,0.0,35000.0,0.0,0.0,0.0,1,11234
1975,10000.0,0.0,45000.0,0.0,0.0,0.0,2,11259
1960,0.0,0.0,35000.0,0.0,0.0,0.0,2,11244
1780,0.0,0.0,17500.0,0.0,0.0,0.0,2,11064
1963,0.0,0.0,0.0,0.0,0.0,10000.0,1,11247
1914,0.0,0.0,70000.0,0.0,0.0,0.0,2,11198
1938,0.0,0.0,35000.0,0.0,0.0,0.0,1,11222
1903,0.0,0.0,30000.0,0.0,0.0,0.0,2,11187
1946,0.0,0.0,17500.0,0.0,0.0,0.0,2,11230
1958,0.0,0.0,0.0,0.0,0.0,0.0,1,11242
1660,0.0,0.0,100000.0,0.0,0.0,32500.0,2,10944
1951,0.0,0.0,28000.0,0.0,0.0,0.0,2,11235
1932,0.0,0.0,30000.0,0.0,0.0,0.0,2,11216
1889,0.0,0.0,34000.0,0.0,0.0,0.0,1,11173
1087,0.0,0.0,0.0,0.0,0.0,0.0,2,10372
1971,0.0,0.0,0.0,0.0,0.0,7000.0,1,11255
1972,0.0,0.0,30000.0,0.0,0.0,0.0,1,11256
1974,10000.0,0.0,60000.0,0.0,0.0,0.0,1,11258
1479,0.0,0.0,36000.0,0.0,0.0,0.0,2,10763
1930,0.0,0.0,0.0,0.0,0.0,0.0,1,11214
1921,0.0,0.0,36000.0,0.0,0.0,0.0,2,11205
1936,0.0,0.0,1000.0,0.0,0.0,0.0,1,11220
1939,0.0,0.0,35000.0,0.0,0.0,0.0,2,11223
1925,0.0,0.0,22500.0,0.0,0.0,0.0,1,11209
1908,10000.0,0.0,45000.0,0.0,0.0,15000.0,2,11192
1897,0.0,0.0,65000.0,0.0,0.0,0.0,2,11181
1945,10000.0,0.0,45000.0,0.0,0.0,0.0,2,11229
1954,0.0,0.0,70000.0,0.0,0.0,0.0,2,11238
1523,0.0,0.0,17500.0,0.0,0.0,0.0,2,10807
1980,5000.0,0.0,30000.0,0.0,0.0,30000.0,1,11264
1979,0.0,0.0,45000.0,0.0,0.0,0.0,1,11263
1981,0.0,0.0,70000.0,0.0,0.0,0.0,1,11265
1978,0.0,0.0,15000.0,0.0,0.0,0.0,1,11262
1737,0.0,0.0,95000.0,0.0,0.0,0.0,2,11021
1985,0.0,0.0,90000.0,0.0,0.0,0.0,1,11269
1551,0.0,0.0,95000.0,0.0,0.0,0.0,2,10835
1253,0.0,0.0,0.0,0.0,0.0,4000.0,2,10537
1988,0.0,0.0,55000.0,0.0,0.0,0.0,1,11272
1675,0.0,0.0,95000.0,0.0,0.0,0.0,2,10959
1989,0.0,0.0,35000.0,0.0,0.0,0.0,1,11273
1990,0.0,0.0,55000.0,0.0,0.0,0.0,1,11274
1991,0.0,0.0,55000.0,0.0,0.0,0.0,1,11275
1992,5000.0,0.0,60000.0,0.0,0.0,0.0,1,11276
2017,0.0,0.0,170000.0,0.0,0.0,0.0,1,11301
2030,0.0,0.0,85000.0,0.0,0.0,0.0,1,11314
2018,0.0,0.0,35000.0,0.0,0.0,0.0,1,11302
1993,0.0,0.0,80000.0,0.0,0.0,0.0,1,11277
1150,0.0,0.0,37000.0,0.0,0.0,0.0,3,10435
1995,0.0,0.0,60000.0,0.0,0.0,0.0,1,11279
1996,0.0,0.0,60000.0,0.0,0.0,0.0,1,11280
1240,0.0,0.0,0.0,0.0,0.0,0.0,2,10524
1576,0.0,0.0,0.0,0.0,0.0,0.0,2,10860
1739,0.0,0.0,0.0,0.0,0.0,0.0,2,11023
2025,0.0,0.0,0.0,0.0,0.0,0.0,1,11309
2013,0.0,0.0,45000.0,0.0,0.0,0.0,1,11297
2026,0.0,0.0,60000.0,0.0,0.0,0.0,1,11310
1983,0.0,0.0,40000.0,0.0,0.0,0.0,2,11267
781,0.0,0.0,0.0,0.0,0.0,0.0,2,10066
1799,0.0,0.0,35000.0,0.0,0.0,30000.0,2,11083
2021,0.0,0.0,25000.0,0.0,0.0,10000.0,1,11305
2027,0.0,0.0,160000.0,0.0,0.0,0.0,1,11311
883,0.0,0.0,2000.0,0.0,0.0,0.0,2,10168
2003,0.0,0.0,70000.0,0.0,0.0,0.0,1,11287
2004,0.0,0.0,70000.0,0.0,0.0,0.0,1,11288
2009,0.0,0.0,90000.0,0.0,0.0,0.0,1,11293
1227,0.0,0.0,0.0,0.0,0.0,0.0,2,10512
2006,10000.0,0.0,35000.0,0.0,0.0,0.0,1,11290
2007,0.0,0.0,40000.0,0.0,0.0,0.0,1,11291
1126,0.0,0.0,95000.0,0.0,0.0,0.0,2,10411
1642,0.0,0.0,20000.0,0.0,0.0,0.0,2,10926
718,0.0,0.0,40000.0,0.0,0.0,0.0,1,10003
719,0.0,0.0,35000.0,0.0,0.0,10000.0,1,10004
1984,0.0,0.0,30000.0,0.0,0.0,0.0,2,11268
1105,0.0,0.0,0.0,0.0,0.0,0.0,2,10390
2023,0.0,0.0,17500.0,0.0,0.0,0.0,1,11307
1702,0.0,0.0,95000.0,0.0,0.0,0.0,2,10986
1596,0.0,0.0,95000.0,0.0,0.0,0.0,2,10880
1459,0.0,0.0,100000.0,0.0,0.0,0.0,2,10743
2010,0.0,0.0,1000.0,0.0,0.0,0.0,1,11294
2029,0.0,0.0,35000.0,0.0,0.0,30000.0,1,11313
1534,0.0,0.0,100000.0,0.0,0.0,0.0,2,10818
2022,0.0,0.0,70000.0,0.0,0.0,0.0,1,11306
2020,0.0,0.0,95000.0,0.0,0.0,5000.0,1,11304
2014,0.0,0.0,170000.0,0.0,0.0,0.0,1,11298
1251,0.0,0.0,0.0,0.0,0.0,0.0,2,10535
2015,0.0,0.0,40000.0,0.0,0.0,0.0,1,11299
1419,0.0,0.0,95000.0,0.0,0.0,0.0,2,10703
1982,0.0,0.0,22500.0,0.0,0.0,20000.0,1,11266
1987,0.0,0.0,45000.0,0.0,0.0,0.0,1,11271
2019,0.0,0.0,70000.0,0.0,0.0,0.0,1,11303
2028,0.0,0.0,17500.0,0.0,0.0,0.0,1,11312
1581,0.0,0.0,95000.0,0.0,0.0,0.0,2,10865
2024,0.0,0.0,50000.0,0.0,0.0,0.0,1,11308
1998,0.0,0.0,35000.0,0.0,0.0,0.0,2,11282
2031,0.0,0.0,45000.0,0.0,0.0,0.0,1,11315
899,0.0,0.0,40000.0,0.0,0.0,0.0,3,10184
1986,0.0,0.0,14000.0,0.0,0.0,0.0,1,11270
1572,0.0,0.0,145000.0,0.0,0.0,0.0,2,10856
2001,0.0,0.0,15000.0,0.0,0.0,0.0,1,11285
1708,,0.0,190000.0,0.0,0.0,0.0,2,10992
1406,,0.0,190000.0,0.0,0.0,1000.0,2,10690
1803,0.0,0.0,0.0,0.0,0.0,0.0,1,11087
1684,0.0,0.0,30000.0,0.0,0.0,0.0,2,10968
2000,0.0,0.0,0.0,0.0,0.0,0.0,1,11284
1473,0.0,0.0,20000.0,0.0,0.0,0.0,2,10757
2005,0.0,0.0,0.0,0.0,0.0,0.0,1,11289
1999,0.0,0.0,41000.0,0.0,0.0,0.0,2,11283
1520,0.0,0.0,0.0,0.0,0.0,0.0,2,10804
1475,0.0,0.0,110000.0,0.0,0.0,0.0,2,10759
1724,0.0,0.0,20000.0,0.0,0.0,0.0,2,11008
1994,0.0,0.0,22500.0,0.0,0.0,0.0,2,11278
1507,0.0,0.0,95000.0,0.0,0.0,0.0,2,10791
1997,0.0,0.0,17500.0,0.0,0.0,0.0,2,11281
1451,0.0,0.0,145000.0,0.0,0.0,0.0,2,10735
1710,0.0,0.0,0.0,0.0,0.0,0.0,2,10994
2008,0.0,0.0,5000.0,0.0,0.0,0.0,1,11292
1489,0.0,0.0,95000.0,0.0,0.0,0.0,2,10773
1600,0.0,0.0,95000.0,0.0,0.0,2500.0,2,10884
1424,0.0,0.0,0.0,0.0,0.0,0.0,2,10708
1547,0.0,0.0,95000.0,0.0,0.0,0.0,2,10831
1514,0.0,0.0,95000.0,0.0,0.0,0.0,2,10798
1435,0.0,0.0,95000.0,0.0,0.0,0.0,2,10719
2011,0.0,0.0,45000.0,0.0,0.0,0.0,1,11295
1977,0.0,0.0,35000.0,0.0,0.0,0.0,2,11261
1389,0.0,0.0,95000.0,0.0,0.0,0.0,2,10673
1161,0.0,0.0,35000.0,0.0,0.0,0.0,3,10446
2002,0.0,0.0,25000.0,0.0,0.0,0.0,2,11286
2032,0.0,0.0,45000.0,0.0,0.0,40000.0,1,11316
1766,0.0,0.0,95000.0,0.0,0.0,0.0,2,11050
2012,0.0,0.0,27000.0,0.0,0.0,0.0,1,11296
1819,0.0,0.0,95000.0,0.0,0.0,0.0,2,11103
1527,0.0,0.0,0.0,0.0,0.0,0.0,2,10811
1599,0.0,0.0,95000.0,0.0,0.0,80000.0,2,10883
2016,0.0,0.0,40000.0,0.0,0.0,0.0,1,11300
1571,0.0,0.0,95000.0,0.0,0.0,0.0,2,10855
1519,0.0,0.0,95000.0,0.0,0.0,0.0,2,10803
1506,0.0,0.0,114000.0,0.0,0.0,0.0,2,10790
1587,0.0,0.0,95000.0,0.0,0.0,0.0,2,10871
2047,0.0,0.0,85000.0,0.0,0.0,0.0,1,11331
2048,0.0,0.0,25000.0,0.0,0.0,0.0,1,11332
2089,0.0,0.0,0.0,0.0,0.0,0.0,1,11373
2108,25000.0,0.0,190000.0,0.0,0.0,0.0,1,11392
2110,0.0,0.0,90000.0,0.0,0.0,0.0,1,11394
735,0.0,0.0,30000.0,0.0,0.0,0.0,3,10020
2117,0.0,0.0,0.0,0.0,0.0,0.0,1,11401
2036,0.0,0.0,22500.0,0.0,0.0,0.0,1,11320
2039,0.0,0.0,70000.0,0.0,0.0,0.0,1,11323
2040,0.0,0.0,35000.0,0.0,0.0,0.0,1,11324
2034,0.0,0.0,85000.0,0.0,0.0,0.0,1,11318
2097,0.0,0.0,25000.0,0.0,0.0,0.0,1,11381
2121,0.0,0.0,95000.0,0.0,0.0,0.0,1,11405
2033,0.0,0.0,35000.0,0.0,0.0,0.0,1,11317
2125,0.0,0.0,25000.0,0.0,0.0,0.0,1,11409
2074,0.0,0.0,0.0,0.0,0.0,0.0,1,11358
2049,0.0,0.0,85000.0,0.0,0.0,0.0,1,11333
2120,0.0,0.0,25000.0,0.0,0.0,0.0,1,11404
2111,0.0,0.0,35000.0,0.0,0.0,0.0,1,11395
2050,0.0,0.0,70000.0,0.0,0.0,0.0,1,11334
2087,0.0,0.0,150000.0,0.0,0.0,0.0,1,11371
2052,0.0,0.0,55000.0,0.0,0.0,0.0,1,11336
2076,0.0,0.0,85000.0,0.0,0.0,0.0,1,11360
2054,0.0,0.0,55000.0,0.0,0.0,0.0,1,11338
1602,0.0,0.0,0.0,0.0,0.0,0.0,2,10886
2056,0.0,0.0,30000.0,0.0,0.0,0.0,1,11340
2058,0.0,0.0,70000.0,0.0,0.0,0.0,1,11342
2042,0.0,0.0,35000.0,0.0,0.0,0.0,1,11326
2060,0.0,0.0,70000.0,0.0,0.0,0.0,1,11344
2061,0.0,0.0,190000.0,0.0,0.0,0.0,1,11345
2062,0.0,0.0,190000.0,0.0,0.0,0.0,1,11346
2063,0.0,0.0,190000.0,0.0,0.0,0.0,1,11347
2064,0.0,0.0,50000.0,0.0,0.0,0.0,1,11348
1826,0.0,0.0,95000.0,0.0,0.0,0.0,2,11110
2065,0.0,0.0,0.0,0.0,0.0,0.0,1,11349
2090,0.0,0.0,180000.0,0.0,0.0,0.0,1,11374
2093,0.0,0.0,0.0,0.0,0.0,0.0,1,11377
2067,0.0,0.0,0.0,0.0,0.0,0.0,1,11351
2068,0.0,0.0,0.0,0.0,0.0,0.0,1,11352
2069,0.0,0.0,120000.0,0.0,0.0,0.0,1,11353
2114,0.0,0.0,80000.0,0.0,0.0,0.0,1,11398
2071,0.0,0.0,0.0,0.0,0.0,0.0,1,11355
2073,0.0,0.0,80000.0,0.0,0.0,0.0,1,11357
2122,0.0,0.0,45000.0,0.0,0.0,0.0,1,11406
2077,0.0,0.0,0.0,0.0,0.0,0.0,1,11361
2078,0.0,0.0,0.0,0.0,0.0,0.0,1,11362
2079,0.0,0.0,180000.0,0.0,0.0,0.0,1,11363
2080,0.0,0.0,0.0,0.0,0.0,0.0,1,11364
2081,0.0,0.0,0.0,0.0,0.0,0.0,1,11365
2082,0.0,0.0,150000.0,0.0,0.0,0.0,1,11366
2083,0.0,0.0,0.0,0.0,0.0,0.0,1,11367
2084,0.0,0.0,0.0,0.0,0.0,0.0,1,11368
2085,0.0,0.0,0.0,0.0,0.0,0.0,1,11369
2086,0.0,0.0,0.0,0.0,0.0,0.0,1,11370
2118,0.0,0.0,150000.0,0.0,0.0,0.0,1,11402
2092,-5000.0,0.0,0.0,0.0,0.0,0.0,1,11376
2131,0.0,0.0,25000.0,0.0,0.0,5000.0,1,11415
2045,0.0,0.0,53000.0,0.0,0.0,0.0,1,11329
2095,0.0,0.0,140000.0,0.0,0.0,0.0,1,11379
2115,0.0,0.0,25000.0,0.0,0.0,0.0,1,11399
2096,0.0,0.0,35000.0,0.0,0.0,0.0,1,11380
2094,0.0,0.0,70000.0,0.0,0.0,0.0,1,11378
2046,0.0,0.0,35000.0,0.0,0.0,0.0,1,11330
2099,0.0,0.0,0.0,0.0,0.0,0.0,1,11383
2100,0.0,0.0,0.0,0.0,0.0,0.0,1,11384
2101,0.0,0.0,160000.0,0.0,0.0,0.0,1,11385
2102,0.0,0.0,50000.0,0.0,0.0,0.0,1,11386
2103,5000.0,0.0,160000.0,0.0,0.0,0.0,1,11387
2104,0.0,0.0,0.0,0.0,0.0,0.0,1,11388
2105,0.0,0.0,0.0,0.0,0.0,0.0,1,11389
1533,0.0,0.0,95000.0,0.0,0.0,0.0,2,10817
2057,0.0,0.0,45000.0,0.0,0.0,0.0,1,11341
2106,0.0,0.0,60000.0,0.0,0.0,0.0,1,11390
2037,0.0,0.0,95000.0,0.0,0.0,10000.0,1,11321
2109,0.0,0.0,0.0,0.0,0.0,0.0,1,11393
731,0.0,0.0,25000.0,0.0,0.0,0.0,3,10016
1835,0.0,0.0,95000.0,0.0,0.0,0.0,2,11119
2112,0.0,0.0,0.0,0.0,0.0,0.0,1,11396
2113,0.0,0.0,0.0,0.0,0.0,0.0,1,11397
2066,5000.0,0.0,90000.0,0.0,0.0,0.0,1,11350
2059,0.0,0.0,15000.0,0.0,0.0,0.0,1,11343
2035,0.0,0.0,45000.0,0.0,0.0,40000.0,1,11319
2072,0.0,0.0,0.0,0.0,0.0,0.0,1,11356
2038,0.0,0.0,90000.0,0.0,0.0,0.0,1,11322
2055,0.0,0.0,35000.0,0.0,0.0,0.0,1,11339
2107,0.0,0.0,35000.0,0.0,0.0,25000.0,1,11391
2070,0.0,0.0,85000.0,0.0,0.0,0.0,1,11354
2123,0.0,0.0,95000.0,0.0,0.0,0.0,1,11407
2126,0.0,0.0,170000.0,0.0,0.0,20000.0,1,11410
2127,0.0,0.0,0.0,0.0,0.0,0.0,1,11411
2128,0.0,0.0,0.0,0.0,0.0,0.0,1,11412
2129,0.0,0.0,180000.0,0.0,0.0,0.0,1,11413
2130,0.0,0.0,180000.0,0.0,0.0,0.0,1,11414
2041,0.0,0.0,140000.0,0.0,0.0,0.0,1,11325
740,,0.0,50000.0,0.0,0.0,0.0,3,10025
2043,0.0,0.0,35000.0,0.0,0.0,0.0,1,11327
2124,0.0,0.0,110000.0,0.0,0.0,0.0,1,11408
2088,25000.0,0.0,190000.0,0.0,0.0,0.0,1,11372
730,0.0,0.0,25000.0,0.0,0.0,0.0,3,10015
717,0.0,0.0,30000.0,0.0,0.0,0.0,3,10002
738,0.0,0.0,30000.0,0.0,0.0,0.0,3,10023
737,0.0,0.0,30000.0,0.0,0.0,0.0,3,10022
2119,0.0,0.0,45000.0,0.0,0.0,0.0,1,11403
774,0.0,0.0,0.0,0.0,0.0,2000.0,2,10059
2116,0.0,0.0,0.0,0.0,0.0,0.0,1,11400
716,0.0,0.0,25000.0,0.0,0.0,0.0,3,10001
1582,0.0,0.0,95000.0,0.0,0.0,0.0,2,10866
2044,0.0,0.0,45000.0,0.0,0.0,0.0,1,11328
1421,0.0,0.0,0.0,0.0,0.0,0.0,2,10705
2053,0.0,0.0,35000.0,0.0,0.0,15000.0,1,11337
2098,0.0,0.0,70000.0,0.0,0.0,0.0,1,11382
2075,0.0,0.0,0.0,0.0,0.0,0.0,1,11359
2051,0.0,0.0,95000.0,0.0,0.0,0.0,1,11335
2152,0.0,0.0,20000.0,0.0,0.0,0.0,1,11436
2134,0.0,0.0,0.0,0.0,0.0,0.0,1,11418
2133,0.0,0.0,0.0,0.0,0.0,0.0,1,11417
1821,,0.0,30000.0,0.0,0.0,0.0,2,11105
1747,,0.0,50000.0,0.0,0.0,0.0,2,11031
2136,0.0,0.0,70000.0,0.0,0.0,0.0,1,11420
2137,0.0,0.0,22500.0,0.0,0.0,0.0,1,11421
2154,0.0,0.0,85000.0,0.0,0.0,0.0,1,11438
2139,0.0,0.0,135000.0,0.0,0.0,0.0,1,11423
2184,0.0,0.0,0.0,0.0,0.0,0.0,1,11468
2140,0.0,0.0,40000.0,0.0,0.0,0.0,1,11424
2195,0.0,0.0,0.0,0.0,0.0,0.0,1,11479
2219,0.0,0.0,95000.0,0.0,0.0,0.0,1,11503
2143,0.0,0.0,190000.0,0.0,0.0,0.0,1,11427
2144,0.0,0.0,190000.0,0.0,0.0,0.0,1,11428
2160,0.0,0.0,90000.0,0.0,0.0,0.0,1,11444
2146,10000.0,0.0,55000.0,0.0,0.0,0.0,1,11430
2147,0.0,0.0,65000.0,0.0,0.0,0.0,1,11431
2148,0.0,0.0,0.0,0.0,0.0,0.0,1,11432
2189,0.0,0.0,82500.0,0.0,0.0,0.0,1,11473
2149,0.0,0.0,110000.0,0.0,0.0,0.0,1,11433
2192,0.0,0.0,75000.0,0.0,0.0,0.0,1,11476
865,0.0,0.0,20000.0,0.0,0.0,0.0,3,10150
2193,0.0,0.0,0.0,0.0,0.0,0.0,1,11477
1557,0.0,0.0,45000.0,0.0,0.0,0.0,2,10841
2172,0.0,0.0,40000.0,0.0,0.0,0.0,1,11456
1469,0.0,0.0,45000.0,0.0,0.0,0.0,2,10753
2155,0.0,0.0,165000.0,0.0,0.0,0.0,1,11439
2210,0.0,0.0,21250.0,0.0,0.0,0.0,1,11494
2225,0.0,0.0,35000.0,0.0,0.0,0.0,1,11509
2217,0.0,0.0,80000.0,0.0,0.0,0.0,1,11501
2132,0.0,0.0,35000.0,0.0,0.0,0.0,1,11416
2162,0.0,0.0,180000.0,0.0,0.0,0.0,1,11446
2163,0.0,0.0,175000.0,0.0,0.0,0.0,1,11447
2206,0.0,0.0,115000.0,0.0,0.0,0.0,1,11490
2165,0.0,0.0,35000.0,0.0,0.0,0.0,2,11449
2166,0.0,0.0,35000.0,0.0,0.0,0.0,1,11450
2167,10000.0,0.0,60000.0,0.0,0.0,0.0,1,11451
2209,0.0,0.0,21000.0,0.0,0.0,0.0,1,11493
2169,20000.0,0.0,120000.0,0.0,0.0,0.0,1,11453
2181,0.0,0.0,0.0,0.0,0.0,0.0,1,11465
2171,0.0,0.0,70000.0,0.0,0.0,0.0,1,11455
2211,0.0,0.0,35000.0,0.0,0.0,25000.0,1,11495
2157,0.0,0.0,0.0,0.0,0.0,0.0,1,11441
2174,0.0,0.0,35000.0,0.0,0.0,0.0,1,11458
2175,0.0,0.0,90000.0,0.0,0.0,0.0,1,11459
2216,0.0,0.0,35000.0,0.0,0.0,30000.0,1,11500
2177,25000.0,0.0,170000.0,0.0,0.0,0.0,1,11461
1844,0.0,0.0,35000.0,0.0,0.0,0.0,2,11128
2180,25000.0,0.0,160000.0,0.0,0.0,0.0,1,11464
2201,0.0,0.0,17500.0,0.0,0.0,0.0,1,11485
2186,0.0,0.0,45000.0,0.0,0.0,0.0,1,11470
2141,0.0,0.0,120000.0,0.0,0.0,0.0,1,11425
2188,0.0,0.0,90000.0,0.0,0.0,0.0,1,11472
2182,0.0,0.0,0.0,0.0,0.0,0.0,1,11466
2205,0.0,0.0,0.0,0.0,0.0,0.0,1,11489
2153,0.0,0.0,0.0,0.0,0.0,0.0,1,11437
2229,0.0,0.0,70000.0,0.0,0.0,0.0,1,11513
2228,0.0,0.0,90000.0,0.0,0.0,0.0,1,11512
2214,0.0,0.0,45000.0,0.0,0.0,0.0,1,11498
2194,0.0,0.0,0.0,0.0,0.0,0.0,1,11478
2158,0.0,0.0,170000.0,0.0,0.0,0.0,1,11442
2230,0.0,0.0,0.0,0.0,0.0,0.0,1,11514
2151,0.0,0.0,0.0,0.0,0.0,0.0,1,11435
2190,0.0,0.0,15000.0,0.0,0.0,0.0,1,11474
2197,0.0,0.0,180000.0,0.0,0.0,0.0,1,11481
2161,0.0,0.0,91000.0,0.0,0.0,0.0,1,11445
2198,0.0,0.0,20000.0,0.0,0.0,0.0,1,11482
2150,0.0,0.0,0.0,0.0,0.0,0.0,1,11434
2204,0.0,0.0,0.0,0.0,0.0,0.0,1,11488
2207,0.0,0.0,0.0,0.0,0.0,0.0,1,11491
2215,0.0,0.0,35000.0,0.0,0.0,0.0,1,11499
2164,0.0,0.0,90000.0,0.0,0.0,10000.0,1,11448
2138,0.0,0.0,40000.0,0.0,0.0,0.0,1,11422
2202,0.0,0.0,0.0,0.0,0.0,18000.0,1,11486
2213,0.0,0.0,70000.0,0.0,0.0,0.0,1,11497
2200,0.0,0.0,17500.0,0.0,0.0,0.0,1,11484
2218,0.0,0.0,32500.0,0.0,0.0,0.0,1,11502
2220,0.0,0.0,35000.0,0.0,0.0,0.0,1,11504
2191,0.0,0.0,35000.0,0.0,0.0,0.0,1,11475
2170,0.0,0.0,80000.0,0.0,0.0,0.0,1,11454
1918,0.0,0.0,40000.0,0.0,0.0,0.0,2,11202
2168,0.0,0.0,40000.0,0.0,0.0,0.0,1,11452
1961,0.0,0.0,60000.0,0.0,0.0,0.0,2,11245
2173,0.0,0.0,87500.0,0.0,0.0,0.0,1,11457
2222,0.0,0.0,90000.0,0.0,0.0,0.0,1,11506
2223,0.0,0.0,0.0,0.0,0.0,0.0,1,11507
722,0.0,0.0,25000.0,0.0,0.0,0.0,3,10007
2145,0.0,0.0,0.0,0.0,0.0,0.0,1,11429
2226,0.0,0.0,80000.0,0.0,0.0,0.0,1,11510
2227,0.0,0.0,190000.0,0.0,0.0,0.0,1,11511
2196,0.0,0.0,0.0,0.0,0.0,0.0,1,11480
2199,0.0,0.0,20000.0,0.0,0.0,0.0,1,11483
2176,0.0,0.0,145000.0,0.0,0.0,40000.0,1,11460
2183,0.0,0.0,80000.0,0.0,0.0,0.0,1,11467
2231,0.0,0.0,190000.0,0.0,0.0,0.0,1,11515
739,0.0,0.0,30000.0,0.0,0.0,0.0,3,10024
1831,0.0,0.0,35000.0,0.0,0.0,0.0,2,11115
1856,0.0,0.0,20000.0,0.0,0.0,0.0,2,11140
2224,0.0,0.0,0.0,0.0,0.0,0.0,1,11508
2142,0.0,0.0,35000.0,0.0,0.0,0.0,1,11426
2091,0.0,0.0,0.0,0.0,0.0,0.0,1,11375
2156,0.0,0.0,0.0,0.0,0.0,0.0,1,11440
2212,0.0,0.0,85000.0,0.0,0.0,0.0,1,11496
2187,0.0,0.0,22500.0,0.0,0.0,0.0,1,11471
2178,0.0,0.0,0.0,0.0,0.0,0.0,1,11462
2179,0.0,0.0,0.0,0.0,0.0,0.0,1,11463
2208,0.0,0.0,0.0,0.0,0.0,0.0,1,11492
2185,0.0,0.0,55000.0,0.0,0.0,0.0,1,11469
2135,0.0,0.0,90000.0,0.0,0.0,0.0,1,11419
2203,0.0,0.0,85000.0,0.0,0.0,0.0,1,11487
2221,0.0,0.0,140000.0,0.0,0.0,0.0,1,11505
2234,0.0,0.0,35000.0,0.0,0.0,0.0,1,11518
2314,0.0,0.0,65000.0,0.0,0.0,0.0,1,11598
2270,0.0,0.0,17500.0,0.0,0.0,0.0,1,11554
2246,0.0,0.0,95000.0,0.0,0.0,0.0,1,11530
2255,0.0,0.0,30000.0,0.0,0.0,0.0,1,11539
2280,0.0,0.0,190000.0,0.0,0.0,0.0,1,11564
2273,0.0,0.0,0.0,0.0,0.0,0.0,1,11557
2263,0.0,0.0,85000.0,0.0,0.0,0.0,1,11547
2305,0.0,0.0,90000.0,0.0,0.0,0.0,1,11589
2242,5000.0,0.0,170000.0,0.0,0.0,0.0,1,11526
2241,5000.0,0.0,170000.0,0.0,0.0,0.0,1,11525
2319,0.0,0.0,0.0,0.0,0.0,0.0,1,11603
2248,0.0,0.0,0.0,0.0,0.0,0.0,1,11532
2245,0.0,0.0,0.0,0.0,0.0,0.0,1,11529
2306,0.0,0.0,0.0,0.0,0.0,0.0,1,11590
2277,0.0,0.0,0.0,0.0,0.0,0.0,1,11561
2300,0.0,0.0,35000.0,0.0,0.0,0.0,1,11584
2316,0.0,0.0,95000.0,0.0,0.0,0.0,1,11600
2233,0.0,0.0,35000.0,0.0,0.0,0.0,1,11517
2240,0.0,0.0,120000.0,0.0,0.0,0.0,1,11524
2254,0.0,0.0,180000.0,0.0,0.0,0.0,1,11538
2247,0.0,0.0,0.0,0.0,0.0,0.0,1,11531
2256,7000.0,0.0,175000.0,0.0,0.0,0.0,1,11540
2283,0.0,0.0,0.0,0.0,0.0,0.0,1,11567
2258,0.0,0.0,190000.0,0.0,0.0,0.0,1,11542
2259,0.0,0.0,70000.0,0.0,0.0,0.0,1,11543
802,,0.0,30000.0,0.0,0.0,0.0,3,10087
807,,0.0,40000.0,0.0,0.0,0.0,3,10092
1300,,0.0,40000.0,0.0,0.0,0.0,3,10584
2326,0.0,0.0,0.0,0.0,0.0,0.0,1,11610
2232,0.0,0.0,88750.0,0.0,0.0,0.0,1,11516
2334,0.0,0.0,120000.0,0.0,0.0,0.0,1,11618
2238,0.0,0.0,82500.0,0.0,0.0,12500.0,1,11522
2264,0.0,0.0,0.0,0.0,0.0,0.0,1,11548
2293,0.0,0.0,40000.0,0.0,0.0,0.0,1,11577
2287,0.0,0.0,95000.0,0.0,0.0,0.0,1,11571
2239,0.0,0.0,25000.0,0.0,0.0,5000.0,1,11523
2249,0.0,0.0,95000.0,0.0,0.0,0.0,1,11533
2265,0.0,0.0,0.0,0.0,0.0,0.0,1,11549
2244,0.0,0.0,0.0,0.0,0.0,0.0,1,11528
2292,0.0,0.0,85000.0,0.0,0.0,0.0,1,11576
2271,0.0,0.0,95000.0,0.0,0.0,20000.0,1,11555
2250,0.0,0.0,95000.0,0.0,0.0,0.0,1,11534
2297,0.0,0.0,0.0,0.0,0.0,0.0,1,11581
2286,0.0,0.0,190000.0,0.0,0.0,0.0,1,11570
2243,0.0,0.0,5000.0,0.0,0.0,0.0,1,11527
2275,0.0,0.0,0.0,0.0,0.0,0.0,1,11559
2308,0.0,0.0,125000.0,0.0,0.0,0.0,1,11592
2257,0.0,0.0,40000.0,0.0,0.0,0.0,1,11541
2279,0.0,0.0,190000.0,0.0,0.0,0.0,1,11563
2276,0.0,0.0,0.0,0.0,0.0,0.0,1,11560
2281,0.0,0.0,190000.0,0.0,0.0,0.0,1,11565
2313,0.0,0.0,30000.0,0.0,0.0,0.0,1,11597
2289,0.0,0.0,45000.0,0.0,0.0,0.0,1,11573
2290,0.0,0.0,100000.0,0.0,0.0,0.0,1,11574
2272,0.0,0.0,95000.0,0.0,0.0,0.0,1,11556
2288,0.0,0.0,0.0,0.0,0.0,0.0,1,11572
2336,0.0,0.0,85000.0,0.0,0.0,0.0,1,11620
2278,0.0,0.0,35000.0,0.0,0.0,30000.0,1,11562
2291,0.0,0.0,30000.0,0.0,0.0,0.0,1,11575
2267,0.0,0.0,105000.0,0.0,0.0,0.0,1,11551
2268,0.0,0.0,17500.0,0.0,0.0,0.0,1,11552
2294,0.0,0.0,0.0,0.0,0.0,0.0,1,11578
2296,0.0,0.0,190000.0,0.0,0.0,0.0,1,11580
2325,0.0,0.0,135000.0,0.0,0.0,0.0,1,11609
2298,0.0,0.0,160000.0,0.0,0.0,0.0,1,11582
2299,0.0,0.0,130000.0,0.0,0.0,0.0,1,11583
2282,0.0,0.0,95000.0,0.0,0.0,0.0,1,11566
2315,0.0,0.0,35000.0,0.0,0.0,10000.0,1,11599
2331,0.0,0.0,135000.0,0.0,0.0,0.0,1,11615
2252,0.0,0.0,35000.0,0.0,0.0,0.0,1,11536
2303,0.0,0.0,70000.0,0.0,0.0,0.0,1,11587
2266,0.0,0.0,0.0,0.0,0.0,0.0,1,11550
2309,0.0,0.0,0.0,0.0,0.0,0.0,1,11593
2253,0.0,0.0,65000.0,0.0,0.0,0.0,1,11537
2237,0.0,0.0,95000.0,0.0,0.0,0.0,1,11521
2269,0.0,0.0,35000.0,0.0,0.0,0.0,1,11553
2260,0.0,0.0,30000.0,0.0,0.0,0.0,1,11544
2320,0.0,0.0,170000.0,0.0,0.0,0.0,1,11604
2302,0.0,0.0,90000.0,0.0,0.0,0.0,1,11586
2262,0.0,0.0,25000.0,0.0,0.0,0.0,1,11546
2332,0.0,0.0,35000.0,0.0,0.0,0.0,1,11616
2317,0.0,0.0,170000.0,0.0,0.0,0.0,1,11601
2318,0.0,0.0,0.0,0.0,0.0,0.0,1,11602
2321,0.0,0.0,0.0,0.0,0.0,0.0,1,11605
2322,0.0,0.0,0.0,0.0,0.0,0.0,1,11606
2327,0.0,0.0,40000.0,0.0,0.0,0.0,1,11611
2301,0.0,0.0,40000.0,0.0,0.0,0.0,1,11585
2328,0.0,0.0,55000.0,0.0,0.0,0.0,1,11612
2339,0.0,0.0,0.0,0.0,0.0,0.0,1,11623
2329,0.0,0.0,0.0,0.0,0.0,0.0,1,11613
2333,0.0,0.0,120000.0,0.0,0.0,0.0,1,11617
2312,0.0,0.0,37500.0,0.0,0.0,0.0,1,11596
2274,0.0,0.0,90000.0,0.0,0.0,0.0,1,11558
2337,0.0,0.0,90000.0,0.0,0.0,0.0,1,11621
2235,0.0,0.0,90000.0,0.0,0.0,0.0,1,11519
808,0.0,0.0,20000.0,0.0,0.0,0.0,3,10093
2324,0.0,0.0,135000.0,0.0,0.0,0.0,1,11608
2338,0.0,0.0,0.0,0.0,0.0,0.0,1,11622
2251,0.0,0.0,85000.0,0.0,0.0,0.0,1,11535
2340,0.0,0.0,55000.0,0.0,0.0,0.0,1,11624
2304,0.0,0.0,90000.0,0.0,0.0,0.0,1,11588
2285,0.0,0.0,170000.0,0.0,0.0,0.0,1,11569
2323,0.0,0.0,135000.0,0.0,0.0,0.0,1,11607
2284,0.0,0.0,0.0,0.0,0.0,0.0,1,11568
2261,0.0,0.0,0.0,0.0,0.0,0.0,1,11545
2295,0.0,0.0,0.0,0.0,0.0,0.0,1,11579
2307,0.0,0.0,0.0,0.0,0.0,0.0,1,11591
2310,0.0,0.0,0.0,0.0,0.0,0.0,1,11594
2330,0.0,0.0,0.0,0.0,0.0,0.0,1,11614
2311,0.0,0.0,35000.0,0.0,0.0,0.0,1,11595
2335,0.0,0.0,60000.0,0.0,0.0,0.0,1,11619
2341,0.0,0.0,70000.0,0.0,0.0,0.0,1,11625
2442,0.0,0.0,30000.0,0.0,0.0,10000.0,1,11726
2446,0.0,0.0,90000.0,0.0,0.0,10000.0,1,11730
2385,0.0,0.0,130000.0,0.0,0.0,0.0,1,11669
2403,0.0,0.0,125000.0,0.0,0.0,0.0,1,11687
2349,0.0,0.0,30000.0,0.0,0.0,0.0,1,11633
2378,0.0,0.0,140000.0,0.0,0.0,0.0,1,11662
2354,0.0,0.0,35000.0,0.0,0.0,0.0,1,11638
2408,0.0,0.0,75000.0,0.0,0.0,0.0,1,11692
2453,0.0,0.0,20000.0,0.0,0.0,0.0,1,11737
2350,0.0,0.0,0.0,0.0,0.0,0.0,1,11634
2396,0.0,0.0,80000.0,0.0,0.0,0.0,1,11680
2436,0.0,0.0,30000.0,0.0,0.0,0.0,1,11720
2418,0.0,0.0,0.0,0.0,0.0,0.0,1,11702
2361,0.0,0.0,70000.0,0.0,0.0,0.0,1,11645
2357,0.0,0.0,0.0,0.0,0.0,0.0,1,11641
2359,0.0,0.0,190000.0,0.0,0.0,0.0,1,11643
2345,0.0,0.0,90000.0,0.0,0.0,0.0,1,11629
2397,0.0,0.0,0.0,0.0,0.0,0.0,1,11681
2411,0.0,0.0,30000.0,0.0,0.0,0.0,1,11695
2450,0.0,0.0,0.0,0.0,0.0,0.0,1,11734
2366,0.0,0.0,35000.0,0.0,0.0,0.0,1,11650
2365,0.0,0.0,125000.0,0.0,0.0,0.0,1,11649
2375,0.0,0.0,15000.0,0.0,0.0,0.0,1,11659
2367,0.0,0.0,35000.0,0.0,0.0,0.0,1,11651
2434,0.0,0.0,15000.0,0.0,0.0,0.0,1,11718
2399,0.0,0.0,180000.0,0.0,0.0,10000.0,1,11683
2443,0.0,0.0,80000.0,0.0,0.0,0.0,1,11727
2410,0.0,0.0,35000.0,0.0,0.0,0.0,1,11694
2369,0.0,0.0,0.0,0.0,0.0,0.0,1,11653
2425,0.0,0.0,22500.0,0.0,0.0,0.0,1,11709
2373,0.0,0.0,25000.0,0.0,0.0,0.0,1,11657
2342,0.0,0.0,20000.0,0.0,0.0,0.0,1,11626
2393,0.0,0.0,25000.0,0.0,0.0,0.0,1,11677
2376,0.0,0.0,60000.0,0.0,0.0,0.0,1,11660
2363,0.0,0.0,25000.0,0.0,0.0,0.0,1,11647
2379,0.0,0.0,100000.0,0.0,0.0,0.0,1,11663
2412,0.0,0.0,17500.0,0.0,0.0,0.0,1,11696
2380,0.0,0.0,22500.0,0.0,0.0,0.0,1,11664
2427,0.0,0.0,0.0,0.0,0.0,0.0,1,11711
2383,0.0,0.0,0.0,0.0,0.0,0.0,1,11667
2364,0.0,0.0,40000.0,0.0,0.0,0.0,1,11648
2374,0.0,0.0,20000.0,0.0,0.0,0.0,1,11658
2388,0.0,0.0,140000.0,0.0,0.0,0.0,1,11672
2346,0.0,0.0,135000.0,0.0,0.0,0.0,1,11630
2390,0.0,0.0,0.0,0.0,0.0,0.0,1,11674
2355,0.0,0.0,90000.0,0.0,0.0,0.0,1,11639
2417,0.0,0.0,45000.0,0.0,0.0,35000.0,1,11701
2394,0.0,0.0,60000.0,0.0,0.0,0.0,1,11678
2395,0.0,0.0,60000.0,0.0,0.0,0.0,1,11679
2400,0.0,0.0,30000.0,0.0,0.0,0.0,1,11684
2423,0.0,0.0,95000.0,0.0,0.0,75000.0,1,11707
2429,0.0,0.0,0.0,0.0,0.0,0.0,1,11713
2404,0.0,0.0,60000.0,0.0,0.0,0.0,1,11688
2405,0.0,0.0,60000.0,0.0,0.0,0.0,1,11689
2422,0.0,0.0,70000.0,0.0,0.0,0.0,1,11706
2407,0.0,0.0,180000.0,0.0,0.0,0.0,1,11691
2386,0.0,0.0,190000.0,0.0,0.0,0.0,1,11670
2353,0.0,0.0,0.0,0.0,0.0,0.0,1,11637
2409,0.0,0.0,20000.0,0.0,0.0,0.0,1,11693
2348,0.0,0.0,86000.0,0.0,0.0,0.0,1,11632
2347,0.0,0.0,30000.0,0.0,0.0,0.0,1,11631
2360,0.0,0.0,35000.0,0.0,0.0,15000.0,1,11644
2377,0.0,0.0,30000.0,0.0,0.0,0.0,1,11661
2368,0.0,0.0,80000.0,0.0,0.0,0.0,1,11652
2414,0.0,0.0,0.0,0.0,0.0,0.0,1,11698
2426,0.0,0.0,55000.0,0.0,0.0,0.0,1,11710
2343,0.0,0.0,10000.0,0.0,0.0,0.0,1,11627
2441,0.0,0.0,10000.0,0.0,0.0,0.0,1,11725
2419,0.0,0.0,120000.0,0.0,0.0,0.0,1,11703
2424,0.0,0.0,30000.0,0.0,0.0,0.0,1,11708
2421,0.0,0.0,95000.0,0.0,0.0,5000.0,1,11705
2437,0.0,0.0,70000.0,0.0,0.0,0.0,1,11721
2381,0.0,0.0,22500.0,0.0,0.0,0.0,1,11665
2413,0.0,0.0,85000.0,0.0,0.0,0.0,1,11697
2428,0.0,0.0,0.0,0.0,0.0,0.0,1,11712
2430,0.0,0.0,60000.0,0.0,0.0,0.0,1,11714
2431,0.0,0.0,60000.0,0.0,0.0,0.0,1,11715
2356,0.0,0.0,180000.0,0.0,0.0,0.0,1,11640
2387,0.0,0.0,30000.0,0.0,0.0,0.0,1,11671
2435,0.0,0.0,45000.0,0.0,0.0,0.0,1,11719
2440,0.0,0.0,30000.0,0.0,0.0,0.0,1,11724
2432,0.0,0.0,8750.0,0.0,0.0,0.0,1,11716
2433,0.0,0.0,12500.0,0.0,0.0,0.0,1,11717
2389,0.0,0.0,0.0,0.0,0.0,0.0,1,11673
2392,0.0,0.0,70000.0,0.0,0.0,0.0,1,11676
2416,0.0,0.0,20000.0,0.0,0.0,0.0,1,11700
2406,0.0,0.0,35000.0,0.0,0.0,0.0,1,11690
2344,0.0,0.0,0.0,0.0,0.0,0.0,1,11628
2372,0.0,0.0,35000.0,0.0,0.0,0.0,1,11656
2352,0.0,0.0,20000.0,0.0,0.0,0.0,1,11636
2444,0.0,0.0,0.0,0.0,0.0,0.0,1,11728
2382,0.0,0.0,100000.0,0.0,0.0,0.0,1,11666
2447,0.0,0.0,45000.0,0.0,0.0,0.0,1,11731
2448,0.0,0.0,45000.0,0.0,0.0,0.0,1,11732
2438,0.0,0.0,30000.0,0.0,0.0,0.0,1,11722
2449,0.0,0.0,190000.0,0.0,0.0,0.0,1,11733
2439,0.0,0.0,25000.0,0.0,0.0,0.0,1,11723
2451,0.0,0.0,80000.0,0.0,0.0,0.0,1,11735
2371,0.0,0.0,70000.0,0.0,0.0,0.0,1,11655
2452,0.0,0.0,25000.0,0.0,0.0,0.0,1,11736
2415,0.0,0.0,0.0,0.0,0.0,0.0,1,11699
2420,0.0,0.0,35000.0,0.0,0.0,0.0,1,11704
2402,0.0,0.0,165000.0,0.0,0.0,0.0,1,11686
2351,0.0,0.0,0.0,0.0,0.0,0.0,1,11635
2358,0.0,0.0,0.0,0.0,0.0,0.0,1,11642
2370,0.0,0.0,0.0,0.0,0.0,0.0,1,11654
2384,0.0,0.0,0.0,0.0,0.0,0.0,1,11668
2391,0.0,0.0,0.0,0.0,0.0,0.0,1,11675
2398,0.0,0.0,0.0,0.0,0.0,0.0,1,11682
2445,0.0,0.0,0.0,0.0,0.0,0.0,1,11729
2362,0.0,0.0,112000.0,0.0,0.0,0.0,1,11646
2486,0.0,0.0,0.0,0.0,0.0,0.0,1,11770
2563,0.0,0.0,65000.0,0.0,0.0,0.0,1,11847
2457,0.0,0.0,35000.0,0.0,0.0,0.0,1,11741
2542,0.0,0.0,40000.0,0.0,0.0,0.0,1,11826
2498,0.0,0.0,20000.0,0.0,0.0,0.0,1,11782
2471,0.0,0.0,35000.0,0.0,0.0,0.0,1,11755
2461,0.0,0.0,130000.0,0.0,0.0,0.0,1,11745
2468,0.0,0.0,30000.0,0.0,0.0,0.0,1,11752
2528,0.0,0.0,40000.0,0.0,0.0,0.0,1,11812
2545,0.0,0.0,17500.0,0.0,0.0,0.0,1,11829
2465,0.0,0.0,45000.0,0.0,0.0,0.0,1,11749
2469,0.0,0.0,22500.0,0.0,0.0,0.0,1,11753
2529,0.0,0.0,40000.0,0.0,0.0,0.0,1,11813
2548,0.0,0.0,20000.0,0.0,0.0,0.0,1,11832
2552,0.0,0.0,140000.0,0.0,0.0,0.0,1,11836
2504,0.0,0.0,20000.0,0.0,0.0,0.0,1,11788
2463,0.0,0.0,17500.0,0.0,0.0,0.0,1,11747
2474,0.0,0.0,30000.0,0.0,0.0,0.0,1,11758
2550,0.0,0.0,25000.0,0.0,0.0,0.0,1,11834
2475,0.0,0.0,60000.0,0.0,0.0,0.0,1,11759
2472,0.0,0.0,35000.0,0.0,0.0,0.0,1,11756
2546,0.0,0.0,22500.0,0.0,0.0,0.0,1,11830
2476,0.0,0.0,50000.0,0.0,0.0,0.0,1,11760
2477,0.0,0.0,20000.0,0.0,0.0,0.0,1,11761
2478,0.0,0.0,40000.0,0.0,0.0,0.0,1,11762
2480,0.0,0.0,40000.0,0.0,0.0,0.0,1,11764
2483,0.0,0.0,40000.0,0.0,0.0,0.0,1,11767
2487,0.0,0.0,40000.0,0.0,0.0,0.0,1,11771
2492,0.0,0.0,40000.0,0.0,0.0,0.0,1,11776
2497,0.0,0.0,40000.0,0.0,0.0,0.0,1,11781
2491,0.0,0.0,0.0,0.0,0.0,0.0,1,11775
2473,0.0,0.0,30000.0,0.0,0.0,0.0,1,11757
2502,0.0,0.0,70000.0,0.0,0.0,0.0,1,11786
2507,0.0,0.0,40000.0,0.0,0.0,0.0,1,11791
2508,0.0,0.0,40000.0,0.0,0.0,0.0,1,11792
2509,0.0,0.0,40000.0,0.0,0.0,0.0,1,11793
2510,0.0,0.0,40000.0,0.0,0.0,0.0,1,11794
2513,0.0,0.0,40000.0,0.0,0.0,0.0,1,11797
2511,0.0,0.0,20000.0,0.0,0.0,0.0,1,11795
2551,0.0,0.0,35000.0,0.0,0.0,0.0,1,11835
2517,0.0,0.0,0.0,0.0,0.0,0.0,1,11801
2521,0.0,0.0,40000.0,0.0,0.0,0.0,1,11805
2523,0.0,0.0,40000.0,0.0,0.0,0.0,1,11807
2537,0.0,0.0,40000.0,0.0,0.0,0.0,1,11821
2539,0.0,0.0,170000.0,0.0,0.0,0.0,1,11823
2540,0.0,0.0,0.0,0.0,0.0,0.0,1,11824
2541,0.0,0.0,0.0,0.0,0.0,0.0,1,11825
2549,0.0,0.0,25000.0,0.0,0.0,0.0,1,11833
2493,0.0,0.0,20000.0,0.0,0.0,0.0,1,11777
2547,0.0,0.0,30000.0,0.0,0.0,0.0,1,11831
2544,0.0,0.0,35000.0,0.0,0.0,0.0,1,11828
2467,0.0,0.0,20000.0,0.0,0.0,0.0,1,11751
2543,0.0,0.0,25000.0,0.0,0.0,0.0,1,11827
2516,0.0,0.0,80000.0,0.0,0.0,0.0,1,11800
2454,0.0,0.0,35000.0,0.0,0.0,0.0,1,11738
2514,0.0,0.0,95000.0,0.0,0.0,0.0,1,11798
2556,0.0,0.0,0.0,0.0,0.0,0.0,1,11840
2530,0.0,0.0,20000.0,0.0,0.0,0.0,1,11814
2561,0.0,0.0,45000.0,0.0,0.0,0.0,1,11845
2554,0.0,0.0,110000.0,0.0,0.0,0.0,1,11838
2555,0.0,0.0,25000.0,0.0,0.0,0.0,1,11839
2526,0.0,0.0,20000.0,0.0,0.0,0.0,1,11810
2485,0.0,0.0,0.0,0.0,0.0,0.0,1,11769
2458,0.0,0.0,30000.0,0.0,0.0,0.0,1,11742
2460,0.0,0.0,45000.0,0.0,0.0,0.0,1,11744
2560,0.0,0.0,0.0,0.0,0.0,0.0,1,11844
2559,0.0,0.0,0.0,0.0,0.0,0.0,1,11843
2558,0.0,0.0,160000.0,0.0,0.0,0.0,1,11842
2455,0.0,0.0,35000.0,0.0,0.0,0.0,1,11739
2515,0.0,0.0,20000.0,0.0,0.0,0.0,1,11799
2503,0.0,0.0,20000.0,0.0,0.0,0.0,1,11787
2500,0.0,0.0,17500.0,0.0,0.0,0.0,1,11784
2531,0.0,0.0,0.0,0.0,0.0,0.0,1,11815
2538,0.0,0.0,20000.0,0.0,0.0,0.0,1,11822
2520,0.0,0.0,0.0,0.0,0.0,0.0,1,11804
2527,0.0,0.0,20000.0,0.0,0.0,0.0,1,11811
2482,0.0,0.0,20000.0,0.0,0.0,0.0,1,11766
2566,0.0,0.0,0.0,0.0,0.0,0.0,1,11850
2484,0.0,0.0,20000.0,0.0,0.0,0.0,1,11768
2488,0.0,0.0,20000.0,0.0,0.0,0.0,1,11772
2496,0.0,0.0,20000.0,0.0,0.0,0.0,1,11780
2456,0.0,0.0,25000.0,0.0,0.0,22000.0,1,11740
2479,0.0,0.0,20000.0,0.0,0.0,0.0,1,11763
2533,0.0,0.0,0.0,0.0,0.0,0.0,1,11817
2490,0.0,0.0,20000.0,0.0,0.0,0.0,1,11774
2505,0.0,0.0,20000.0,0.0,0.0,0.0,1,11789
2494,0.0,0.0,20000.0,0.0,0.0,0.0,1,11778
2535,0.0,0.0,20000.0,0.0,0.0,0.0,1,11819
2481,0.0,0.0,20000.0,0.0,0.0,0.0,1,11765
2470,0.0,0.0,27500.0,0.0,0.0,0.0,1,11754
2534,0.0,0.0,20000.0,0.0,0.0,0.0,1,11818
2519,0.0,0.0,20000.0,0.0,0.0,0.0,1,11803
2565,0.0,0.0,125000.0,0.0,0.0,0.0,1,11849
2512,0.0,0.0,20000.0,0.0,0.0,0.0,1,11796
2532,0.0,0.0,20000.0,0.0,0.0,0.0,1,11816
2495,0.0,0.0,20000.0,0.0,0.0,0.0,1,11779
2506,0.0,0.0,20000.0,0.0,0.0,0.0,1,11790
2522,0.0,0.0,0.0,0.0,0.0,0.0,1,11806
2499,0.0,0.0,20000.0,0.0,0.0,0.0,1,11783
2536,0.0,0.0,20000.0,0.0,0.0,0.0,1,11820
2466,0.0,0.0,10000.0,0.0,0.0,0.0,1,11750
2501,0.0,0.0,45000.0,0.0,0.0,0.0,1,11785
2557,0.0,0.0,25000.0,0.0,0.0,0.0,1,11841
2518,0.0,0.0,0.0,0.0,0.0,0.0,1,11802
2567,0.0,0.0,0.0,0.0,0.0,0.0,1,11851
2525,0.0,0.0,20000.0,0.0,0.0,0.0,1,11809
2524,0.0,0.0,20000.0,0.0,0.0,0.0,1,11808
2462,0.0,0.0,12500.0,0.0,0.0,0.0,1,11746
2564,0.0,0.0,50000.0,0.0,0.0,0.0,1,11848
2459,0.0,0.0,12500.0,0.0,0.0,0.0,1,11743
2568,0.0,0.0,17500.0,0.0,0.0,0.0,1,11852
2562,0.0,0.0,20000.0,0.0,0.0,0.0,1,11846
2553,0.0,0.0,12500.0,0.0,0.0,0.0,1,11837
2616,0.0,0.0,17000.0,0.0,0.0,0.0,1,11900
2571,0.0,0.0,60000.0,0.0,0.0,0.0,1,11855
2645,0.0,0.0,95000.0,0.0,0.0,0.0,1,11929
2572,0.0,0.0,60000.0,0.0,0.0,0.0,1,11856
2644,0.0,0.0,25000.0,0.0,0.0,0.0,1,11928
2574,0.0,0.0,45000.0,0.0,0.0,0.0,1,11858
2575,0.0,0.0,45000.0,0.0,0.0,0.0,1,11859
2677,0.0,0.0,60000.0,0.0,0.0,0.0,1,11961
2577,0.0,0.0,30000.0,0.0,0.0,0.0,1,11861
2576,0.0,0.0,25000.0,0.0,0.0,0.0,1,11860
2236,0.0,0.0,95000.0,0.0,0.0,25000.0,1,11520
2667,0.0,0.0,35000.0,0.0,0.0,0.0,2,11951
2581,0.0,0.0,70000.0,0.0,0.0,0.0,1,11865
2625,0.0,0.0,25000.0,0.0,0.0,0.0,1,11909
2583,0.0,0.0,20000.0,0.0,0.0,0.0,1,11867
2580,0.0,0.0,40000.0,0.0,0.0,0.0,1,11864
2602,0.0,0.0,70000.0,0.0,0.0,0.0,1,11886
2622,0.0,0.0,170000.0,0.0,0.0,0.0,1,11906
2633,0.0,0.0,30000.0,0.0,0.0,0.0,1,11917
2587,0.0,0.0,0.0,0.0,0.0,0.0,1,11871
2489,0.0,0.0,0.0,0.0,0.0,0.0,1,11773
2590,0.0,0.0,0.0,0.0,0.0,0.0,1,11874
2651,0.0,0.0,50000.0,0.0,0.0,0.0,1,11935
2592,0.0,0.0,0.0,0.0,0.0,0.0,1,11876
2569,0.0,0.0,20000.0,0.0,0.0,5000.0,1,11853
2611,0.0,0.0,100000.0,0.0,0.0,0.0,1,11895
2598,0.0,0.0,20000.0,0.0,0.0,0.0,1,11882
2661,0.0,0.0,20000.0,0.0,0.0,0.0,1,11945
2582,0.0,0.0,22500.0,0.0,0.0,0.0,1,11866
2617,0.0,0.0,95000.0,0.0,0.0,0.0,1,11901
2635,0.0,0.0,35000.0,0.0,0.0,0.0,1,11919
2678,0.0,0.0,21500.0,0.0,0.0,0.0,1,11962
2601,0.0,0.0,20000.0,0.0,0.0,0.0,1,11885
2660,0.0,0.0,20000.0,0.0,0.0,0.0,1,11944
2579,0.0,0.0,140000.0,0.0,0.0,0.0,1,11863
2597,0.0,0.0,90000.0,0.0,0.0,0.0,1,11881
2619,0.0,0.0,35000.0,0.0,0.0,25000.0,1,11903
2666,0.0,0.0,35000.0,0.0,0.0,0.0,1,11950
2600,0.0,0.0,17500.0,0.0,0.0,0.0,1,11884
2608,0.0,0.0,70000.0,0.0,0.0,0.0,1,11892
2637,0.0,0.0,95000.0,0.0,0.0,0.0,1,11921
2603,0.0,0.0,40000.0,0.0,0.0,0.0,1,11887
2636,0.0,0.0,70000.0,0.0,0.0,0.0,1,11920
2585,0.0,0.0,60000.0,0.0,0.0,0.0,1,11869
2624,0.0,0.0,40000.0,0.0,0.0,0.0,1,11908
2612,0.0,0.0,20000.0,0.0,0.0,0.0,1,11896
2668,0.0,0.0,50000.0,0.0,0.0,0.0,1,11952
2615,0.0,0.0,70000.0,0.0,0.0,0.0,1,11899
2671,0.0,0.0,17500.0,0.0,0.0,0.0,1,11955
2662,0.0,0.0,180000.0,0.0,0.0,0.0,1,11946
2627,0.0,0.0,45000.0,0.0,0.0,0.0,1,11911
2595,0.0,0.0,10000.0,0.0,0.0,0.0,1,11879
2626,0.0,0.0,0.0,0.0,0.0,0.0,1,11910
2630,0.0,0.0,20000.0,0.0,0.0,0.0,1,11914
2638,0.0,0.0,175000.0,0.0,0.0,0.0,1,11922
2620,0.0,0.0,15000.0,0.0,0.0,0.0,1,11904
2631,0.0,0.0,20000.0,0.0,0.0,0.0,1,11915
2673,0.0,0.0,45000.0,0.0,0.0,0.0,1,11957
2639,0.0,0.0,110000.0,0.0,0.0,0.0,1,11923
2584,0.0,0.0,0.0,0.0,0.0,0.0,1,11868
2656,0.0,0.0,110000.0,0.0,0.0,0.0,1,11940
2570,0.0,0.0,30000.0,0.0,0.0,0.0,1,11854
2641,0.0,0.0,35000.0,0.0,0.0,0.0,1,11925
2628,0.0,0.0,20000.0,0.0,0.0,0.0,1,11912
2621,0.0,0.0,35000.0,0.0,0.0,25000.0,1,11905
2586,0.0,0.0,125000.0,0.0,0.0,0.0,1,11870
2665,0.0,0.0,30000.0,0.0,0.0,0.0,1,11949
2614,0.0,0.0,25000.0,0.0,0.0,0.0,1,11898
2589,0.0,0.0,135000.0,0.0,0.0,0.0,1,11873
2659,0.0,0.0,20000.0,0.0,0.0,0.0,1,11943
2606,0.0,0.0,35000.0,0.0,0.0,0.0,1,11890
2652,0.0,0.0,40000.0,0.0,0.0,0.0,1,11936
2578,0.0,0.0,110000.0,0.0,0.0,0.0,1,11862
2646,0.0,0.0,20000.0,0.0,0.0,0.0,1,11930
2676,0.0,0.0,0.0,0.0,0.0,0.0,1,11960
2649,0.0,0.0,0.0,0.0,0.0,0.0,1,11933
2605,0.0,0.0,20000.0,0.0,0.0,0.0,1,11889
2632,0.0,0.0,15000.0,0.0,0.0,5000.0,1,11916
2653,10000.0,0.0,120000.0,0.0,0.0,0.0,1,11937
2654,10000.0,0.0,120000.0,0.0,0.0,0.0,1,11938
2663,0.0,0.0,15000.0,0.0,0.0,0.0,1,11947
2613,0.0,0.0,25000.0,0.0,0.0,0.0,1,11897
2647,0.0,0.0,35000.0,0.0,0.0,0.0,1,11931
2634,0.0,0.0,20000.0,0.0,0.0,0.0,1,11918
2655,0.0,0.0,15000.0,0.0,0.0,0.0,1,11939
2401,0.0,0.0,95000.0,0.0,0.0,25000.0,1,11685
2604,0.0,0.0,120000.0,0.0,0.0,0.0,1,11888
2664,0.0,0.0,100000.0,0.0,0.0,0.0,1,11948
2618,0.0,0.0,50000.0,0.0,0.0,0.0,1,11902
2623,0.0,0.0,30000.0,0.0,0.0,0.0,1,11907
2596,10000.0,0.0,110000.0,0.0,0.0,0.0,1,11880
2669,0.0,0.0,60000.0,0.0,0.0,0.0,1,11953
2670,0.0,0.0,60000.0,0.0,0.0,0.0,1,11954
2609,0.0,0.0,90000.0,0.0,0.0,0.0,1,11893
2642,0.0,0.0,25000.0,0.0,0.0,0.0,1,11926
2672,20000.0,0.0,180000.0,0.0,0.0,0.0,1,11956
2674,0.0,0.0,0.0,0.0,0.0,0.0,1,11958
2594,0.0,0.0,15000.0,0.0,0.0,0.0,1,11878
2675,0.0,0.0,0.0,0.0,0.0,0.0,1,11959
2658,0.0,0.0,60000.0,0.0,0.0,0.0,1,11942
2599,0.0,0.0,35000.0,0.0,0.0,0.0,1,11883
2643,0.0,0.0,25000.0,0.0,0.0,0.0,1,11927
2648,0.0,0.0,85000.0,0.0,0.0,0.0,1,11932
2640,0.0,0.0,0.0,0.0,0.0,0.0,1,11924
2588,0.0,0.0,0.0,0.0,0.0,0.0,1,11872
2591,0.0,0.0,0.0,0.0,0.0,0.0,1,11875
2593,0.0,0.0,0.0,0.0,0.0,0.0,1,11877
2657,0.0,0.0,0.0,0.0,0.0,0.0,1,11941
2607,0.0,0.0,17500.0,0.0,0.0,0.0,1,11891
2629,0.0,0.0,95000.0,0.0,0.0,0.0,1,11913
2610,0.0,0.0,60000.0,0.0,0.0,0.0,1,11894
2573,0.0,0.0,180000.0,0.0,0.0,0.0,1,11857
2680,0.0,0.0,0.0,0.0,0.0,0.0,1,11964
2746,0.0,0.0,100000.0,0.0,0.0,0.0,1,12030
2684,0.0,0.0,0.0,0.0,0.0,0.0,1,11968
2721,0.0,0.0,15000.0,0.0,0.0,0.0,1,12005
2722,0.0,0.0,190000.0,0.0,0.0,0.0,1,12006
2738,0.0,0.0,30000.0,0.0,0.0,0.0,1,12022
2698,0.0,0.0,40000.0,0.0,0.0,0.0,1,11982
2734,0.0,0.0,25000.0,0.0,0.0,0.0,1,12018
2772,0.0,0.0,70000.0,0.0,0.0,0.0,1,12056
2687,0.0,0.0,20000.0,0.0,0.0,0.0,1,11971
2694,0.0,0.0,20000.0,0.0,0.0,0.0,1,11978
2702,0.0,0.0,65000.0,0.0,0.0,0.0,1,11986
2681,0.0,0.0,0.0,0.0,0.0,0.0,1,11965
2685,0.0,0.0,0.0,0.0,0.0,0.0,1,11969
2650,0.0,0.0,0.0,0.0,0.0,0.0,1,11934
2692,0.0,0.0,25000.0,0.0,0.0,0.0,1,11976
2765,25000.0,0.0,190000.0,0.0,0.0,0.0,1,12049
2720,0.0,0.0,110000.0,0.0,0.0,0.0,1,12004
2159,0.0,0.0,0.0,0.0,0.0,0.0,1,11443
2767,0.0,0.0,100000.0,0.0,0.0,0.0,1,12051
2768,0.0,0.0,22500.0,0.0,0.0,0.0,1,12052
2757,0.0,0.0,10000.0,0.0,0.0,0.0,1,12041
2726,0.0,0.0,12500.0,0.0,0.0,0.0,1,12010
2700,0.0,0.0,0.0,0.0,0.0,0.0,1,11984
2701,0.0,0.0,0.0,0.0,0.0,0.0,1,11985
2699,0.0,0.0,110000.0,0.0,0.0,0.0,1,11983
2724,0.0,0.0,33000.0,0.0,0.0,0.0,1,12008
2703,0.0,0.0,70000.0,0.0,0.0,0.0,1,11987
2705,0.0,0.0,70000.0,0.0,0.0,0.0,1,11989
2706,0.0,0.0,70000.0,0.0,0.0,0.0,1,11990
2704,0.0,0.0,70000.0,0.0,0.0,0.0,1,11988
2707,0.0,0.0,20000.0,0.0,0.0,0.0,1,11991
2708,0.0,0.0,20000.0,0.0,0.0,0.0,1,11992
2709,0.0,0.0,60000.0,0.0,0.0,0.0,1,11993
2710,0.0,0.0,60000.0,0.0,0.0,0.0,1,11994
2728,0.0,0.0,50000.0,0.0,0.0,0.0,1,12012
2693,0.0,0.0,37000.0,0.0,0.0,15000.0,1,11977
2683,0.0,0.0,120000.0,0.0,0.0,0.0,1,11967
2713,0.0,0.0,25000.0,0.0,0.0,0.0,1,11997
2775,0.0,0.0,40000.0,0.0,0.0,0.0,1,12059
2686,0.0,0.0,135000.0,0.0,0.0,0.0,1,11970
2715,0.0,0.0,30000.0,0.0,0.0,0.0,1,11999
2716,0.0,0.0,25000.0,0.0,0.0,0.0,1,12000
2774,0.0,0.0,30000.0,0.0,0.0,0.0,1,12058
2727,0.0,0.0,17500.0,0.0,0.0,0.0,1,12011
2717,0.0,0.0,90000.0,0.0,0.0,0.0,1,12001
2718,0.0,0.0,0.0,0.0,0.0,0.0,1,12002
2719,0.0,0.0,0.0,0.0,0.0,0.0,1,12003
2755,0.0,0.0,40000.0,0.0,0.0,0.0,1,12039
2730,0.0,0.0,45000.0,0.0,0.0,0.0,1,12014
2731,0.0,0.0,140000.0,0.0,0.0,0.0,1,12015
2744,5000.0,0.0,150000.0,0.0,0.0,0.0,1,12028
2689,0.0,0.0,30000.0,0.0,0.0,0.0,1,11973
2739,0.0,0.0,70000.0,0.0,0.0,0.0,1,12023
2759,0.0,0.0,60000.0,0.0,0.0,0.0,1,12043
2690,0.0,0.0,45000.0,0.0,0.0,0.0,1,11974
2741,0.0,0.0,35000.0,0.0,0.0,0.0,1,12025
2764,0.0,0.0,60000.0,0.0,0.0,0.0,1,12048
2733,0.0,0.0,70000.0,0.0,0.0,0.0,1,12017
2750,0.0,0.0,55000.0,0.0,0.0,0.0,1,12034
2773,0.0,0.0,60000.0,0.0,0.0,0.0,1,12057
2735,0.0,0.0,45000.0,0.0,0.0,0.0,1,12019
2770,0.0,0.0,120000.0,0.0,0.0,0.0,1,12054
2737,0.0,0.0,20000.0,0.0,0.0,0.0,1,12021
2761,0.0,0.0,25000.0,0.0,0.0,0.0,1,12045
2748,0.0,0.0,90000.0,0.0,0.0,0.0,1,12032
2749,0.0,0.0,70000.0,0.0,0.0,0.0,1,12033
2711,0.0,0.0,25000.0,0.0,0.0,0.0,1,11995
2752,0.0,0.0,0.0,0.0,0.0,0.0,1,12036
2753,0.0,0.0,0.0,0.0,0.0,0.0,1,12037
2763,0.0,0.0,22500.0,0.0,0.0,0.0,1,12047
2769,0.0,0.0,45000.0,0.0,0.0,0.0,1,12053
2696,0.0,0.0,25000.0,0.0,0.0,0.0,1,11980
2771,0.0,0.0,55000.0,0.0,0.0,0.0,1,12055
2723,0.0,0.0,27500.0,0.0,0.0,0.0,1,12007
2742,0.0,0.0,0.0,0.0,0.0,0.0,1,12026
2464,0.0,0.0,25000.0,0.0,0.0,0.0,1,11748
2682,0.0,0.0,35000.0,0.0,0.0,0.0,1,11966
2691,0.0,0.0,35000.0,0.0,0.0,0.0,1,11975
2714,0.0,0.0,55000.0,0.0,0.0,0.0,1,11998
2695,0.0,0.0,170000.0,0.0,0.0,0.0,1,11979
2760,0.0,0.0,70000.0,0.0,0.0,0.0,1,12044
2679,0.0,0.0,90000.0,0.0,0.0,0.0,1,11963
2729,0.0,0.0,45000.0,0.0,0.0,0.0,1,12013
2743,0.0,0.0,0.0,0.0,0.0,0.0,1,12027
2762,0.0,0.0,100000.0,0.0,0.0,0.0,1,12046
2725,0.0,0.0,17500.0,0.0,0.0,0.0,1,12009
2766,0.0,0.0,35000.0,0.0,0.0,0.0,1,12050
2736,0.0,0.0,25000.0,0.0,0.0,0.0,1,12020
2732,0.0,0.0,15000.0,0.0,0.0,0.0,1,12016
2740,0.0,0.0,20000.0,0.0,0.0,0.0,1,12024
2697,0.0,0.0,35000.0,0.0,0.0,0.0,1,11981
2712,0.0,0.0,15000.0,0.0,0.0,0.0,1,11996
2751,0.0,0.0,85000.0,0.0,0.0,0.0,1,12035
2758,0.0,0.0,35000.0,0.0,0.0,14500.0,1,12042
2688,0.0,0.0,10000.0,0.0,0.0,0.0,1,11972
2756,0.0,0.0,40000.0,0.0,0.0,0.0,1,12040
2747,0.0,0.0,45000.0,0.0,0.0,0.0,1,12031
2745,0.0,0.0,90000.0,0.0,0.0,0.0,1,12029
2754,0.0,0.0,90000.0,0.0,0.0,0.0,1,12038
2776,0.0,0.0,35000.0,0.0,0.0,0.0,1,12060
2778,0.0,0.0,20000.0,0.0,0.0,0.0,1,12062
2777,0.0,0.0,95000.0,0.0,0.0,0.0,1,12061
2779,0.0,0.0,135000.0,0.0,0.0,0.0,1,12063
2780,0.0,0.0,35000.0,0.0,0.0,0.0,1,12064
2781,0.0,0.0,15000.0,0.0,0.0,0.0,1,12065
2782,0.0,0.0,35000.0,0.0,0.0,0.0,1,12066
